"SurveyID","change.value","change.par","new.R0"
"Survey 1",0.1,"beta_Cattle",1.16974140559853
"Survey 1",0.1,"beta_Dog",1.17355496148153
"Survey 1",0.1,"beta_Goat/sheep",0.816429536380967
"Survey 1",0.1,"beta_Pig",1.14886350409414
"Survey 1",0.1,"beta_Poultry",1.15517045198104
"Survey 1",0.1,"beta_Rodent",1.10630294955523
"Survey 1",0.1,"chi_H_Cattle",1.1703189486148
"Survey 1",0.1,"chi_H_Dog",1.17379738142495
"Survey 1",0.1,"chi_H_Goat/sheep",0.858545543640846
"Survey 1",0.1,"chi_H_Pig",1.15187769517424
"Survey 1",0.1,"chi_H_Poultry",1.15686917571691
"Survey 1",0.1,"chi_H_Rodent",1.11230919400917
"Survey 1",0.1,"phi",0.945236100053135
"Survey 1",0.2,"beta_Cattle",1.17002994191288
"Survey 1",0.2,"beta_Dog",1.17363577646343
"Survey 1",0.2,"beta_Goat/sheep",0.830395005536942
"Survey 1",0.2,"beta_Pig",1.14972316964106
"Survey 1",0.2,"beta_Poultry",1.15569972682212
"Survey 1",0.2,"beta_Rodent",1.10724366832028
"Survey 1",0.2,"chi_H_Cattle",1.17105330426692
"Survey 1",0.2,"chi_H_Dog",1.17399532973614
"Survey 1",0.2,"chi_H_Goat/sheep",0.901092235043522
"Survey 1",0.2,"chi_H_Pig",1.15374884506299
"Survey 1",0.2,"chi_H_Poultry",1.15944030965327
"Survey 1",0.2,"chi_H_Rodent",1.12015510971312
"Survey 1",0.2,"phi",0.967207335752045
"Survey 1",0.3,"beta_Cattle",1.17026286682819
"Survey 1",0.3,"beta_Dog",1.17377044957903
"Survey 1",0.3,"beta_Goat/sheep",0.853900692887366
"Survey 1",0.3,"beta_Pig",1.15164098559215
"Survey 1",0.3,"beta_Poultry",1.15670606369443
"Survey 1",0.3,"beta_Rodent",1.11145727642219
"Survey 1",0.3,"chi_H_Cattle",1.17175248077289
"Survey 1",0.3,"chi_H_Dog",1.17405471232439
"Survey 1",0.3,"chi_H_Goat/sheep",0.940336804202338
"Survey 1",0.3,"chi_H_Pig",1.1559152140831
"Survey 1",0.3,"chi_H_Poultry",1.16095735770651
"Survey 1",0.3,"chi_H_Rodent",1.12781369409273
"Survey 1",0.3,"phi",0.990631740417211
"Survey 1",0.4,"beta_Cattle",1.17073490694876
"Survey 1",0.4,"beta_Dog",1.17395895306892
"Survey 1",0.4,"beta_Goat/sheep",0.883960873273213
"Survey 1",0.4,"beta_Pig",1.15304705150473
"Survey 1",0.4,"beta_Poultry",1.15862578903079
"Survey 1",0.4,"beta_Rodent",1.11748615474114
"Survey 1",0.4,"chi_H_Cattle",1.17238963664325
"Survey 1",0.4,"chi_H_Dog",1.17411408951081
"Survey 1",0.4,"chi_H_Goat/sheep",0.979235648522186
"Survey 1",0.4,"chi_H_Pig",1.15866539268765
"Survey 1",0.4,"chi_H_Poultry",1.16263519161835
"Survey 1",0.4,"chi_H_Rodent",1.13388034083319
"Survey 1",0.4,"phi",1.01678349358519
"Survey 1",0.5,"beta_Cattle",1.17135155541344
"Survey 1",0.5,"beta_Dog",1.17402502170559
"Survey 1",0.5,"beta_Goat/sheep",0.921392201675146
"Survey 1",0.5,"beta_Pig",1.15441584280476
"Survey 1",0.5,"beta_Poultry",1.15996296223425
"Survey 1",0.5,"beta_Rodent",1.1236562530856
"Survey 1",0.5,"chi_H_Cattle",1.17302633139584
"Survey 1",0.5,"chi_H_Dog",1.17417346129708
"Survey 1",0.5,"chi_H_Goat/sheep",1.01157284186898
"Survey 1",0.5,"chi_H_Pig",1.16128431100041
"Survey 1",0.5,"chi_H_Poultry",1.16518520627922
"Survey 1",0.5,"chi_H_Rodent",1.14054187969028
"Survey 1",0.5,"phi",1.03999342552111
"Survey 1",0.6,"beta_Cattle",1.17213482968642
"Survey 1",0.6,"beta_Dog",1.17409033928435
"Survey 1",0.6,"beta_Goat/sheep",0.964678018287524
"Survey 1",0.6,"beta_Pig",1.15790669991637
"Survey 1",0.6,"beta_Poultry",1.16217834222092
"Survey 1",0.6,"beta_Rodent",1.1320100028459
"Survey 1",0.6,"chi_H_Cattle",1.17335585786173
"Survey 1",0.6,"chi_H_Dog",1.17423282768485
"Survey 1",0.6,"chi_H_Goat/sheep",1.04882807607753
"Survey 1",0.6,"chi_H_Pig",1.1646596995133
"Survey 1",0.6,"chi_H_Poultry",1.16792156045772
"Survey 1",0.6,"chi_H_Rodent",1.14671541510481
"Survey 1",0.6,"phi",1.0657219256536
"Survey 1",0.7,"beta_Cattle",1.17296268264181
"Survey 1",0.7,"beta_Dog",1.17416752436142
"Survey 1",0.7,"beta_Goat/sheep",1.00844601786982
"Survey 1",0.7,"beta_Pig",1.16111655729597
"Survey 1",0.7,"beta_Poultry",1.16497712291509
"Survey 1",0.7,"beta_Rodent",1.1398718702651
"Survey 1",0.7,"chi_H_Cattle",1.1734880297579
"Survey 1",0.7,"chi_H_Dog",1.17429218867577
"Survey 1",0.7,"chi_H_Goat/sheep",1.08188237648695
"Survey 1",0.7,"chi_H_Pig",1.16695437237691
"Survey 1",0.7,"chi_H_Poultry",1.16953307075903
"Survey 1",0.7,"chi_H_Rodent",1.15235887735904
"Survey 1",0.7,"phi",1.0924157593528
"Survey 1",0.8,"beta_Cattle",1.17340872892182
"Survey 1",0.8,"beta_Dog",1.17425657272875
"Survey 1",0.8,"beta_Goat/sheep",1.06216302326246
"Survey 1",0.8,"beta_Pig",1.16543237862471
"Survey 1",0.8,"beta_Poultry",1.16860138083118
"Survey 1",0.8,"beta_Rodent",1.14899622030199
"Survey 1",0.8,"chi_H_Cattle",1.17384026942329
"Survey 1",0.8,"chi_H_Dog",1.1743515442715
"Survey 1",0.8,"chi_H_Goat/sheep",1.11371054155321
"Survey 1",0.8,"chi_H_Pig",1.16895821778741
"Survey 1",0.8,"chi_H_Poultry",1.17117005288613
"Survey 1",0.8,"chi_H_Rodent",1.1576651050537
"Survey 1",0.8,"phi",1.11626460050777
"Survey 1",0.9,"beta_Cattle",1.17385870165911
"Survey 1",0.9,"beta_Dog",1.1743574795344
"Survey 1",0.9,"beta_Goat/sheep",1.11708338026398
"Survey 1",0.9,"beta_Pig",1.16925358396486
"Survey 1",0.9,"beta_Poultry",1.17127036941417
"Survey 1",0.9,"beta_Rodent",1.15862366316221
"Survey 1",0.9,"chi_H_Cattle",1.17406378255306
"Survey 1",0.9,"chi_H_Dog",1.17441089447369
"Survey 1",0.9,"chi_H_Goat/sheep",1.14386249001369
"Survey 1",0.9,"chi_H_Pig",1.17232923732958
"Survey 1",0.9,"chi_H_Poultry",1.17267701147206
"Survey 1",0.9,"chi_H_Rodent",1.165009736697
"Survey 1",0.9,"phi",1.14467547984806
"Survey 1",2,"sigma_H_Cattle",1.17303010750868
"Survey 1",2,"sigma_H_Dog",1.17417387920629
"Survey 1",2,"sigma_H_Goat/sheep",1.01170792885354
"Survey 1",2,"sigma_H_Pig",1.16130075996362
"Survey 1",2,"sigma_H_Poultry",1.16535556821903
"Survey 1",2,"sigma_H_Rodent",1.14072520742601
"Survey 1",3,"sigma_H_Cattle",1.17196828011376
"Survey 1",3,"sigma_H_Dog",1.17407487706486
"Survey 1",3,"sigma_H_Goat/sheep",0.954774766866783
"Survey 1",3,"sigma_H_Pig",1.15718892792594
"Survey 1",3,"sigma_H_Poultry",1.16175305428189
"Survey 1",3,"sigma_H_Rodent",1.129817969613
"Survey 1",4,"sigma_H_Cattle",1.17135437397575
"Survey 1",4,"sigma_H_Dog",1.17402533547937
"Survey 1",4,"sigma_H_Goat/sheep",0.92163756974929
"Survey 1",4,"sigma_H_Pig",1.15442243943884
"Survey 1",4,"sigma_H_Poultry",1.15998260344481
"Survey 1",4,"sigma_H_Rodent",1.12374281399435
"Survey 1",5,"sigma_H_Cattle",1.17105687979376
"Survey 1",5,"sigma_H_Dog",1.17399559754819
"Survey 1",5,"sigma_H_Goat/sheep",0.901251446049656
"Survey 1",5,"sigma_H_Pig",1.15376061033157
"Survey 1",5,"sigma_H_Poultry",1.15945066883751
"Survey 1",5,"sigma_H_Rodent",1.12020485259312
"Survey 1",6,"sigma_H_Cattle",1.1707873225055
"Survey 1",6,"sigma_H_Dog",1.17397576684893
"Survey 1",6,"sigma_H_Goat/sheep",0.88682505203298
"Survey 1",6,"sigma_H_Pig",1.15317427734066
"Survey 1",6,"sigma_H_Poultry",1.15896746494262
"Survey 1",6,"sigma_H_Rodent",1.11824826027058
"Survey 1",7,"sigma_H_Cattle",1.170614019535
"Survey 1",7,"sigma_H_Dog",1.17391381915018
"Survey 1",7,"sigma_H_Goat/sheep",0.877153052904414
"Survey 1",7,"sigma_H_Pig",1.15275513025939
"Survey 1",7,"sigma_H_Poultry",1.15833165934172
"Survey 1",7,"sigma_H_Rodent",1.11641083417895
"Survey 1",8,"sigma_H_Cattle",1.17048627664531
"Survey 1",8,"sigma_H_Dog",1.17386562355919
"Survey 1",8,"sigma_H_Goat/sheep",0.869755117189627
"Survey 1",8,"sigma_H_Pig",1.15226117765043
"Survey 1",8,"sigma_H_Poultry",1.1575580878875
"Survey 1",8,"sigma_H_Rodent",1.11457993114855
"Survey 1",9,"sigma_H_Cattle",1.170386901379
"Survey 1",9,"sigma_H_Dog",1.17382813234701
"Survey 1",9,"sigma_H_Goat/sheep",0.864144555140304
"Survey 1",9,"sigma_H_Pig",1.15205153684863
"Survey 1",9,"sigma_H_Poultry",1.15706376785454
"Survey 1",9,"sigma_H_Rodent",1.11330752757406
"Survey 1",10,"sigma_H_Cattle",1.17032043758295
"Survey 1",10,"sigma_H_Dog",1.1737981357523
"Survey 1",10,"sigma_H_Goat/sheep",0.858667997650191
"Survey 1",10,"sigma_H_Pig",1.15188376200137
"Survey 1",10,"sigma_H_Poultry",1.15689195162098
"Survey 1",10,"sigma_H_Rodent",1.11236575677537
"Survey 2",0.1,"beta_Cattle",1.45496480141666
"Survey 2",0.1,"beta_Dog",1.45439470279193
"Survey 2",0.1,"beta_Goat/sheep",1.4441003048132
"Survey 2",0.1,"beta_Pig",1.45509879414701
"Survey 2",0.1,"beta_Poultry",0.404182767301147
"Survey 2",0.1,"chi_H_Cattle",1.45497798625694
"Survey 2",0.1,"chi_H_Dog",1.45441754360818
"Survey 2",0.1,"chi_H_Goat/sheep",1.44506973385783
"Survey 2",0.1,"chi_H_Pig",1.45509979710417
"Survey 2",0.1,"chi_H_Poultry",0.613826180026468
"Survey 2",0.1,"phi",1.3240518574454
"Survey 2",0.2,"beta_Cattle",1.45496919637963
"Survey 2",0.2,"beta_Dog",1.45440231644781
"Survey 2",0.2,"beta_Goat/sheep",1.44436186528118
"Survey 2",0.2,"beta_Pig",1.45509912846615
"Survey 2",0.2,"beta_Poultry",0.489905374299115
"Survey 2",0.2,"chi_H_Cattle",1.45499263590834
"Survey 2",0.2,"chi_H_Dog",1.45445549130957
"Survey 2",0.2,"chi_H_Goat/sheep",1.44656250574861
"Survey 2",0.2,"chi_H_Pig",1.45510091150016
"Survey 2",0.2,"chi_H_Poultry",0.773759570470779
"Survey 2",0.2,"phi",1.3403193198762
"Survey 2",0.3,"beta_Cattle",1.45497652128189
"Survey 2",0.3,"beta_Dog",1.45441500576213
"Survey 2",0.3,"beta_Goat/sheep",1.44495178299557
"Survey 2",0.3,"beta_Pig",1.45509968566452
"Survey 2",0.3,"beta_Poultry",0.595351408592036
"Survey 2",0.3,"chi_H_Cattle",1.45500728537961
"Survey 2",0.3,"chi_H_Dog",1.45450999486422
"Survey 2",0.3,"chi_H_Goat/sheep",1.44783942783975
"Survey 2",0.3,"chi_H_Pig",1.45510202589524
"Survey 2",0.3,"chi_H_Poultry",0.899702816628249
"Survey 2",0.3,"phi",1.35447601145922
"Survey 2",0.4,"beta_Cattle",1.45498677606939
"Survey 2",0.4,"beta_Dog",1.45443401047377
"Survey 2",0.4,"beta_Goat/sheep",1.44591330668269
"Survey 2",0.4,"beta_Pig",1.45510046574187
"Survey 2",0.4,"beta_Poultry",0.714158645464238
"Survey 2",0.4,"chi_H_Cattle",1.45502193467075
"Survey 2",0.4,"chi_H_Dog",1.45456449596528
"Survey 2",0.4,"chi_H_Goat/sheep",1.44929918678235
"Survey 2",0.4,"chi_H_Pig",1.45510314028941
"Survey 2",0.4,"chi_H_Poultry",0.996271928604561
"Survey 2",0.4,"phi",1.36878213473164
"Survey 2",0.5,"beta_Cattle",1.45499996066649
"Survey 2",0.5,"beta_Dog",1.45448274339361
"Survey 2",0.5,"beta_Goat/sheep",1.44723240170335
"Survey 2",0.5,"beta_Pig",1.45510146869781
"Survey 2",0.5,"beta_Poultry",0.840188698173913
"Survey 2",0.5,"chi_H_Cattle",1.45503658378178
"Survey 2",0.5,"chi_H_Dog",1.45464611608742
"Survey 2",0.5,"chi_H_Goat/sheep",1.45060757223806
"Survey 2",0.5,"chi_H_Pig",1.45510425468268
"Survey 2",0.5,"chi_H_Poultry",1.0806770357656
"Survey 2",0.5,"phi",1.3845855408118
"Survey 2",0.6,"beta_Cattle",1.45501607497591
"Survey 2",0.6,"beta_Dog",1.45454269581927
"Survey 2",0.6,"beta_Goat/sheep",1.44873278957172
"Survey 2",0.6,"beta_Pig",1.45510269453185
"Survey 2",0.6,"beta_Poultry",0.961664808863977
"Survey 2",0.6,"chi_H_Cattle",1.4550512327127
"Survey 2",0.6,"chi_H_Dog",1.45473887134403
"Survey 2",0.6,"chi_H_Goat/sheep",1.45180345075531
"Survey 2",0.6,"chi_H_Pig",1.45510536907504
"Survey 2",0.6,"chi_H_Poultry",1.16611463096798
"Survey 2",0.6,"phi",1.39837294397016
"Survey 2",0.7,"beta_Cattle",1.45503511887879
"Survey 2",0.7,"beta_Dog",1.45463684020008
"Survey 2",0.7,"beta_Goat/sheep",1.45047463245356
"Survey 2",0.7,"beta_Pig",1.45510414324339
"Survey 2",0.7,"beta_Poultry",1.07278704394397
"Survey 2",0.7,"chi_H_Cattle",1.45506588146352
"Survey 2",0.7,"chi_H_Dog",1.45483162002568
"Survey 2",0.7,"chi_H_Goat/sheep",1.45280343171398
"Survey 2",0.7,"chi_H_Pig",1.4551064834665
"Survey 2",0.7,"chi_H_Poultry",1.2458281094604
"Survey 2",0.7,"phi",1.41241557606501
"Survey 2",0.8,"beta_Cattle",1.45505709223464
"Survey 2",0.8,"beta_Dog",1.4547759716056
"Survey 2",0.8,"beta_Goat/sheep",1.45235823751638
"Survey 2",0.8,"beta_Pig",1.45510581483173
"Survey 2",0.8,"beta_Poultry",1.19900594087079
"Survey 2",0.8,"chi_H_Cattle",1.45508053003425
"Survey 2",0.8,"chi_H_Dog",1.45493814904802
"Survey 2",0.8,"chi_H_Goat/sheep",1.4536477279436
"Survey 2",0.8,"chi_H_Pig",1.45510759785705
"Survey 2",0.8,"chi_H_Poultry",1.31898069966392
"Survey 2",0.8,"phi",1.42531181250357
"Survey 2",0.9,"beta_Cattle",1.45508199488142
"Survey 2",0.9,"beta_Dog",1.45494486982147
"Survey 2",0.9,"beta_Goat/sheep",1.45372761088733
"Survey 2",0.9,"beta_Pig",1.45510770929606
"Survey 2",0.9,"beta_Poultry",1.32587483537216
"Survey 2",0.9,"chi_H_Cattle",1.45509517842489
"Survey 2",0.9,"chi_H_Dog",1.45501709766993
"Survey 2",0.9,"chi_H_Goat/sheep",1.45449289011466
"Survey 2",0.9,"chi_H_Pig",1.4551087122467
"Survey 2",0.9,"chi_H_Poultry",1.38867109151653
"Survey 2",0.9,"phi",1.43896434267043
"Survey 2",2,"sigma_H_Cattle",1.4550366226045
"Survey 2",2,"sigma_H_Dog",1.45464656900337
"Survey 2",2,"sigma_H_Goat/sheep",1.45062121799906
"Survey 2",2,"sigma_H_Pig",1.45510426821851
"Survey 2",2,"sigma_H_Poultry",1.0814936563239
"Survey 2",3,"sigma_H_Cattle",1.45501220301257
"Survey 2",3,"sigma_H_Dog",1.45452830688647
"Survey 2",3,"sigma_H_Goat/sheep",1.44835586181758
"Survey 2",3,"sigma_H_Pig",1.45510240940187
"Survey 2",3,"sigma_H_Poultry",0.936332909991251
"Survey 2",4,"sigma_H_Cattle",1.45499998979215
"Survey 2",4,"sigma_H_Dog",1.45448286551445
"Survey 2",4,"sigma_H_Goat/sheep",1.4472376762635
"Survey 2",4,"sigma_H_Pig",1.45510147886229
"Survey 2",4,"sigma_H_Poultry",0.841294716290393
"Survey 2",5,"sigma_H_Cattle",1.45499266076371
"Survey 2",5,"sigma_H_Dog",1.45445559552792
"Survey 2",5,"sigma_H_Goat/sheep",1.44657173143862
"Survey 2",5,"sigma_H_Pig",1.455100920176
"Survey 2",5,"sigma_H_Poultry",0.774892346274249
"Survey 2",6,"sigma_H_Cattle",1.45498777428792
"Survey 2",6,"sigma_H_Dog",1.45443741338499
"Survey 2",6,"sigma_H_Goat/sheep",1.44601520044919
"Survey 2",6,"sigma_H_Pig",1.45510054756729
"Survey 2",6,"sigma_H_Poultry",0.725606672807513
"Survey 2",7,"sigma_H_Cattle",1.45498428372428
"Survey 2",7,"sigma_H_Dog",1.45442845672795
"Survey 2",7,"sigma_H_Goat/sheep",1.4456174582908
"Survey 2",7,"sigma_H_Pig",1.45510028134413
"Survey 2",7,"sigma_H_Poultry",0.688190163708778
"Survey 2",8,"sigma_H_Cattle",1.45498166567916
"Survey 2",8,"sigma_H_Dog",1.45442392098134
"Survey 2",8,"sigma_H_Goat/sheep",1.44537196705031
"Survey 2",8,"sigma_H_Pig",1.45510008163622
"Survey 2",8,"sigma_H_Poultry",0.658509142832645
"Survey 2",9,"sigma_H_Cattle",1.45497962934932
"Survey 2",9,"sigma_H_Dog",1.45442039303377
"Survey 2",9,"sigma_H_Goat/sheep",1.4452074645287
"Survey 2",9,"sigma_H_Pig",1.45509992628382
"Survey 2",9,"sigma_H_Poultry",0.634561328814238
"Survey 2",10,"sigma_H_Cattle",1.45497800023974
"Survey 2",10,"sigma_H_Dog",1.45441757058456
"Survey 2",10,"sigma_H_Goat/sheep",1.44507582836482
"Survey 2",10,"sigma_H_Pig",1.45509980198676
"Survey 2",10,"sigma_H_Poultry",0.614760635143335
"Survey 3",0.1,"beta_Cattle",1.24841864508422
"Survey 3",0.1,"beta_Dog",1.24692378943757
"Survey 3",0.1,"beta_Goat/sheep",1.2393239569309
"Survey 3",0.1,"beta_Pig",1.24847406593381
"Survey 3",0.1,"beta_Poultry",0.383045721254191
"Survey 3",0.1,"chi_H_Cattle",1.24844094641998
"Survey 3",0.1,"chi_H_Dog",1.24697086352682
"Survey 3",0.1,"chi_H_Goat/sheep",1.23995916618433
"Survey 3",0.1,"chi_H_Pig",1.24849132776023
"Survey 3",0.1,"chi_H_Poultry",0.54976082045245
"Survey 3",0.1,"phi",1.11501276368155
"Survey 3",0.2,"beta_Cattle",1.24842607892033
"Survey 3",0.2,"beta_Dog",1.246934182996
"Survey 3",0.2,"beta_Goat/sheep",1.23947932031824
"Survey 3",0.2,"beta_Pig",1.24847981990568
"Survey 3",0.2,"beta_Poultry",0.449392418438762
"Survey 3",0.2,"chi_H_Cattle",1.2484657250748
"Survey 3",0.2,"chi_H_Dog",1.24720400303443
"Survey 3",0.2,"chi_H_Goat/sheep",1.24095764581745
"Survey 3",0.2,"chi_H_Pig",1.24851050725361
"Survey 3",0.2,"chi_H_Poultry",0.676876106083451
"Survey 3",0.2,"phi",1.1315590881944
"Survey 3",0.3,"beta_Cattle",1.24843846851935
"Survey 3",0.3,"beta_Dog",1.24696142304814
"Survey 3",0.3,"beta_Goat/sheep",1.23989195501097
"Survey 3",0.3,"beta_Pig",1.24848940979273
"Survey 3",0.3,"beta_Poultry",0.534567242249734
"Survey 3",0.3,"chi_H_Cattle",1.24849050309061
"Survey 3",0.3,"chi_H_Dog",1.24761644938332
"Survey 3",0.3,"chi_H_Goat/sheep",1.24198540746514
"Survey 3",0.3,"chi_H_Pig",1.24852968641674
"Survey 3",0.3,"chi_H_Poultry",0.781223241759747
"Survey 3",0.3,"phi",1.14566868452613
"Survey 3",0.4,"beta_Cattle",1.24845581368956
"Survey 3",0.4,"beta_Dog",1.24704332741974
"Survey 3",0.4,"beta_Goat/sheep",1.24052993931044
"Survey 3",0.4,"beta_Pig",1.24850283549589
"Survey 3",0.4,"beta_Poultry",0.628750836379778
"Survey 3",0.4,"chi_H_Cattle",1.24851528046744
"Survey 3",0.4,"chi_H_Dog",1.24779663998621
"Survey 3",0.4,"chi_H_Goat/sheep",1.24292876570127
"Survey 3",0.4,"chi_H_Pig",1.24854886524964
"Survey 3",0.4,"chi_H_Poultry",0.870687680340279
"Survey 3",0.4,"phi",1.15972009125089
"Survey 3",0.5,"beta_Cattle",1.24847811416258
"Survey 3",0.5,"beta_Dog",1.24741395501906
"Survey 3",0.5,"beta_Goat/sheep",1.24135856493696
"Survey 3",0.5,"beta_Pig",1.24852009687645
"Survey 3",0.5,"beta_Poultry",0.730968937662721
"Survey 3",0.5,"chi_H_Cattle",1.24854005720536
"Survey 3",0.5,"chi_H_Dog",1.24797680318173
"Survey 3",0.5,"chi_H_Goat/sheep",1.24403639212429
"Survey 3",0.5,"chi_H_Pig",1.24857644833811
"Survey 3",0.5,"chi_H_Poultry",0.949097388212329
"Survey 3",0.5,"phi",1.1728236567405
"Survey 3",0.6,"beta_Cattle",1.24850536959338
"Survey 3",0.6,"beta_Dog",1.24772456703464
"Survey 3",0.6,"beta_Goat/sheep",1.24239327466194
"Survey 3",0.6,"beta_Pig",1.24854119375611
"Survey 3",0.6,"beta_Poultry",0.836663013800035
"Survey 3",0.6,"chi_H_Cattle",1.24859998158463
"Survey 3",0.6,"chi_H_Dog",1.24817799021018
"Survey 3",0.6,"chi_H_Goat/sheep",1.24455566152662
"Survey 3",0.6,"chi_H_Pig",1.2486366087702
"Survey 3",0.6,"chi_H_Poultry",1.0120466893571
"Survey 3",0.6,"phi",1.18797428110111
"Survey 3",0.7,"beta_Cattle",1.24853757956032
"Survey 3",0.7,"beta_Dog",1.24795878809515
"Survey 3",0.7,"beta_Goat/sheep",1.24399338494887
"Survey 3",0.7,"beta_Pig",1.24857043206375
"Survey 3",0.7,"beta_Poultry",0.941924334874709
"Survey 3",0.7,"chi_H_Cattle",1.24867226466114
"Survey 3",0.7,"chi_H_Dog",1.24832617937845
"Survey 3",0.7,"chi_H_Goat/sheep",1.24573449552834
"Survey 3",0.7,"chi_H_Pig",1.24869676500029
"Survey 3",0.7,"chi_H_Poultry",1.07434407518166
"Survey 3",0.7,"phi",1.20420695110855
"Survey 3",0.8,"beta_Cattle",1.24862889547298
"Survey 3",0.8,"beta_Dog",1.24822306853141
"Survey 3",0.8,"beta_Goat/sheep",1.24487798513481
"Survey 3",0.8,"beta_Pig",1.24866067176642
"Survey 3",0.8,"beta_Poultry",1.03637194430337
"Survey 3",0.8,"chi_H_Cattle",1.24874454225721
"Survey 3",0.8,"chi_H_Dog",1.24851712844975
"Survey 3",0.8,"chi_H_Goat/sheep",1.24672146893614
"Survey 3",0.8,"chi_H_Pig",1.24875691702937
"Survey 3",0.8,"chi_H_Poultry",1.13541888446691
"Survey 3",0.8,"phi",1.21991013583929
"Survey 3",0.9,"beta_Cattle",1.24875176971545
"Survey 3",0.9,"beta_Dog",1.24853513504978
"Survey 3",0.9,"beta_Goat/sheep",1.24676716918602
"Survey 3",0.9,"beta_Pig",1.24876293200126
"Survey 3",0.9,"beta_Poultry",1.14164519237073
"Survey 3",0.9,"chi_H_Cattle",1.248811344074
"Survey 3",0.9,"chi_H_Dog",1.24869718214138
"Survey 3",0.9,"chi_H_Goat/sheep",1.24779867737832
"Survey 3",0.9,"chi_H_Pig",1.24881706485841
"Survey 3",0.9,"chi_H_Poultry",1.19363464021935
"Survey 3",0.9,"phi",1.23548246313842
"Survey 3",2,"sigma_H_Cattle",1.24854010605032
"Survey 3",2,"sigma_H_Dog",1.24797803489023
"Survey 3",2,"sigma_H_Goat/sheep",1.24405186695086
"Survey 3",2,"sigma_H_Pig",1.24857805126941
"Survey 3",2,"sigma_H_Poultry",0.950287525189803
"Survey 3",3,"sigma_H_Cattle",1.24849880571285
"Survey 3",3,"sigma_H_Dog",1.24767761175887
"Survey 3",3,"sigma_H_Goat/sheep",1.24226530513943
"Survey 3",3,"sigma_H_Pig",1.24853620431223
"Survey 3",3,"sigma_H_Poultry",0.813823826034449
"Survey 3",4,"sigma_H_Cattle",1.2484781508063
"Survey 3",4,"sigma_H_Dog",1.24741747036859
"Survey 3",4,"sigma_H_Goat/sheep",1.24137000857699
"Survey 3",4,"sigma_H_Pig",1.24852020230091
"Survey 3",4,"sigma_H_Poultry",0.732031482968128
"Survey 3",5,"sigma_H_Cattle",1.24846575634581
"Survey 3",5,"sigma_H_Dog",1.24720650793599
"Survey 3",5,"sigma_H_Goat/sheep",1.24095929114629
"Survey 3",5,"sigma_H_Pig",1.24851059723008
"Survey 3",5,"sigma_H_Poultry",0.677962881584653
"Survey 3",6,"sigma_H_Cattle",1.24845749274016
"Survey 3",6,"sigma_H_Dog",1.24707228399465
"Survey 3",6,"sigma_H_Goat/sheep",1.24060989645371
"Survey 3",6,"sigma_H_Pig",1.24850419223867
"Survey 3",6,"sigma_H_Poultry",0.637900233663303
"Survey 3",7,"sigma_H_Cattle",1.24845158985511
"Survey 3",7,"sigma_H_Dog",1.24701141954589
"Survey 3",7,"sigma_H_Goat/sheep",1.24031234860025
"Survey 3",7,"sigma_H_Pig",1.24849961645557
"Survey 3",7,"sigma_H_Poultry",0.608863681365418
"Survey 3",8,"sigma_H_Cattle",1.24844716252201
"Survey 3",8,"sigma_H_Dog",1.24699455182245
"Survey 3",8,"sigma_H_Goat/sheep",1.24013157546318
"Survey 3",8,"sigma_H_Pig",1.24849618418652
"Survey 3",8,"sigma_H_Poultry",0.585528824568331
"Survey 3",9,"sigma_H_Cattle",1.24844371894037
"Survey 3",9,"sigma_H_Dog",1.24698143189461
"Survey 3",9,"sigma_H_Goat/sheep",1.24003571157251
"Survey 3",9,"sigma_H_Pig",1.24849351438805
"Survey 3",9,"sigma_H_Poultry",0.566693435575242
"Survey 3",10,"sigma_H_Cattle",1.24844096401184
"Survey 3",10,"sigma_H_Dog",1.24697093558226
"Survey 3",10,"sigma_H_Goat/sheep",1.23996087157614
"Survey 3",10,"sigma_H_Pig",1.24849137838805
"Survey 3",10,"sigma_H_Poultry",0.550391326351935
"Survey 4",0.1,"beta_Cattle",1.3958040855318
"Survey 4",0.1,"beta_Dog",1.39513563933496
"Survey 4",0.1,"beta_Goat/sheep",1.37896967342411
"Survey 4",0.1,"beta_Pig",1.3962128815368
"Survey 4",0.1,"beta_Poultry",0.430729435178488
"Survey 4",0.1,"chi_H_Cattle",1.39584594351158
"Survey 4",0.1,"chi_H_Dog",1.39531518990805
"Survey 4",0.1,"chi_H_Goat/sheep",1.37985661449195
"Survey 4",0.1,"chi_H_Pig",1.39621686813718
"Survey 4",0.1,"chi_H_Poultry",0.620093835208817
"Survey 4",0.1,"phi",1.2605197291681
"Survey 4",0.2,"beta_Cattle",1.39581803834428
"Survey 4",0.2,"beta_Dog",1.39520343530255
"Survey 4",0.2,"beta_Goat/sheep",1.37910348248932
"Survey 4",0.2,"beta_Pig",1.39621421040529
"Survey 4",0.2,"beta_Poultry",0.503766181720432
"Survey 4",0.2,"chi_H_Cattle",1.39589245076779
"Survey 4",0.2,"chi_H_Dog",1.39541267474619
"Survey 4",0.2,"chi_H_Goat/sheep",1.38201048887188
"Survey 4",0.2,"chi_H_Pig",1.39622129767524
"Survey 4",0.2,"chi_H_Poultry",0.770244045053769
"Survey 4",0.2,"phi",1.27767185006957
"Survey 4",0.3,"beta_Cattle",1.39584129269274
"Survey 4",0.3,"beta_Dog",1.39530544093421
"Survey 4",0.3,"beta_Goat/sheep",1.3794399778451
"Survey 4",0.3,"beta_Pig",1.39621642518234
"Survey 4",0.3,"beta_Poultry",0.603821382537548
"Survey 4",0.3,"chi_H_Cattle",1.39593895632921
"Survey 4",0.3,"chi_H_Dog",1.39551015067663
"Survey 4",0.3,"chi_H_Goat/sheep",1.3830251551734
"Survey 4",0.3,"chi_H_Pig",1.39622572719444
"Survey 4",0.3,"chi_H_Poultry",0.89037697548438
"Survey 4",0.3,"phi",1.29222479219817
"Survey 4",0.4,"beta_Cattle",1.39587384806869
"Survey 4",0.4,"beta_Dog",1.39537368188001
"Survey 4",0.4,"beta_Goat/sheep",1.38099912566487
"Survey 4",0.4,"beta_Pig",1.39621952586228
"Survey 4",0.4,"beta_Poultry",0.715720008544505
"Survey 4",0.4,"chi_H_Cattle",1.39598546019604
"Survey 4",0.4,"chi_H_Dog",1.39560761770204
"Survey 4",0.4,"chi_H_Goat/sheep",1.38439770634204
"Survey 4",0.4,"chi_H_Pig",1.39623015669478
"Survey 4",0.4,"chi_H_Poultry",0.981338837193866
"Survey 4",0.4,"phi",1.31165418003179
"Survey 4",0.5,"beta_Cattle",1.39591570376034
"Survey 4",0.5,"beta_Dog",1.39546141382471
"Survey 4",0.5,"beta_Goat/sheep",1.38263175259947
"Survey 4",0.5,"beta_Pig",1.3962235124372
"Survey 4",0.5,"beta_Poultry",0.832937964300794
"Survey 4",0.5,"chi_H_Cattle",1.39603196236845
"Survey 4",0.5,"chi_H_Dog",1.3957050758251
"Survey 4",0.5,"chi_H_Goat/sheep",1.38616338289914
"Survey 4",0.5,"chi_H_Pig",1.39623458617626
"Survey 4",0.5,"chi_H_Poultry",1.05496383592679
"Survey 4",0.5,"phi",1.32715644204241
"Survey 4",0.6,"beta_Cattle",1.39596685885265
"Survey 4",0.6,"beta_Dog",1.3955686319603
"Survey 4",0.6,"beta_Goat/sheep",1.38408093526031
"Survey 4",0.6,"beta_Pig",1.39622838489691
"Survey 4",0.6,"beta_Poultry",0.947865490092677
"Survey 4",0.6,"chi_H_Cattle",1.39607846284663
"Survey 4",0.6,"chi_H_Dog",1.39580252504849
"Survey 4",0.6,"chi_H_Goat/sheep",1.38860171121547
"Survey 4",0.6,"chi_H_Pig",1.39623901563888
"Survey 4",0.6,"chi_H_Poultry",1.13036910667345
"Survey 4",0.6,"phi",1.34169322743671
"Survey 4",0.7,"beta_Cattle",1.39602731222745
"Survey 4",0.7,"beta_Dog",1.39569533041332
"Survey 4",0.7,"beta_Goat/sheep",1.38606093960997
"Survey 4",0.7,"beta_Pig",1.39623414322896
"Survey 4",0.7,"beta_Poultry",1.04723502471525
"Survey 4",0.7,"chi_H_Cattle",1.39612496163077
"Survey 4",0.7,"chi_H_Dog",1.3958999653749
"Survey 4",0.7,"chi_H_Goat/sheep",1.39054976706188
"Survey 4",0.7,"chi_H_Pig",1.39624344508264
"Survey 4",0.7,"chi_H_Poultry",1.20128879913006
"Survey 4",0.7,"phi",1.35453324276454
"Survey 4",0.8,"beta_Cattle",1.39609706256356
"Survey 4",0.8,"beta_Dog",1.39584150224655
"Survey 4",0.8,"beta_Goat/sheep",1.38952840462212
"Survey 4",0.8,"beta_Pig",1.39624078741864
"Survey 4",0.8,"beta_Poultry",1.15864423918979
"Survey 4",0.8,"chi_H_Cattle",1.39617145872105
"Survey 4",0.8,"chi_H_Dog",1.395997396807
"Survey 4",0.8,"chi_H_Goat/sheep",1.3917893466233
"Survey 4",0.8,"chi_H_Pig",1.39624787450753
"Survey 4",0.8,"chi_H_Poultry",1.26992523842238
"Survey 4",0.8,"phi",1.36615659717498
"Survey 4",0.9,"beta_Cattle",1.39617610833692
"Survey 4",0.9,"beta_Dog",1.39600713946112
"Survey 4",0.9,"beta_Goat/sheep",1.39204613167223
"Survey 4",0.9,"beta_Pig",1.39624831744899
"Survey 4",0.9,"beta_Poultry",1.27633732768755
"Survey 4",0.9,"chi_H_Cattle",1.39621795411766
"Survey 4",0.9,"chi_H_Dog",1.39609481934745
"Survey 4",0.9,"chi_H_Goat/sheep",1.39305112480838
"Survey 4",0.9,"chi_H_Pig",1.39625230391357
"Survey 4",0.9,"chi_H_Poultry",1.333741667117
"Survey 4",0.9,"phi",1.38093297598205
"Survey 4",2,"sigma_H_Cattle",1.39603224296413
"Survey 4",2,"sigma_H_Dog",1.39570571390772
"Survey 4",2,"sigma_H_Goat/sheep",1.38616618681298
"Survey 4",2,"sigma_H_Pig",1.39623471171295
"Survey 4",2,"sigma_H_Poultry",1.0559219544583
"Survey 4",3,"sigma_H_Cattle",1.39595470736138
"Survey 4",3,"sigma_H_Dog",1.39554320824713
"Survey 4",3,"sigma_H_Goat/sheep",1.383501950269
"Survey 4",3,"sigma_H_Pig",1.39622731553207
"Survey 4",3,"sigma_H_Poultry",0.923707713705849
"Survey 4",4,"sigma_H_Cattle",1.39591591437998
"Survey 4",4,"sigma_H_Dog",1.39546189287811
"Survey 4",4,"sigma_H_Goat/sheep",1.38263341223652
"Survey 4",4,"sigma_H_Pig",1.396223606903
"Survey 4",4,"sigma_H_Poultry",0.834085702297193
"Survey 4",5,"sigma_H_Cattle",1.39589263052609
"Survey 4",5,"sigma_H_Dog",1.39541308362241
"Survey 4",5,"sigma_H_Goat/sheep",1.38201426005116
"Survey 4",5,"sigma_H_Pig",1.39622137833975
"Survey 4",5,"sigma_H_Poultry",0.770827714433098
"Survey 4",6,"sigma_H_Cattle",1.39587710459466
"Survey 4",6,"sigma_H_Dog",1.39538053576591
"Survey 4",6,"sigma_H_Goat/sheep",1.38113786176545
"Survey 4",6,"sigma_H_Pig",1.39621989121703
"Survey 4",6,"sigma_H_Poultry",0.725804638262732
"Survey 4",7,"sigma_H_Cattle",1.39586601299632
"Survey 4",7,"sigma_H_Dog",1.39535728320426
"Survey 4",7,"sigma_H_Goat/sheep",1.38065582216341
"Survey 4",7,"sigma_H_Pig",1.39621882829302
"Survey 4",7,"sigma_H_Poultry",0.691121095166704
"Survey 4",8,"sigma_H_Cattle",1.39585769339648
"Survey 4",8,"sigma_H_Dog",1.39533984154421
"Survey 4",8,"sigma_H_Goat/sheep",1.38029412861932
"Survey 4",8,"sigma_H_Pig",1.39621803072037
"Survey 4",8,"sigma_H_Poultry",0.662776980669445
"Survey 4",9,"sigma_H_Cattle",1.39585122206253
"Survey 4",9,"sigma_H_Dog",1.39532627448163
"Survey 4",9,"sigma_H_Goat/sheep",1.38012084194737
"Survey 4",9,"sigma_H_Pig",1.39621741016095
"Survey 4",9,"sigma_H_Poultry",0.638908831166654
"Survey 4",10,"sigma_H_Cattle",1.39584604465887
"Survey 4",10,"sigma_H_Dog",1.39531541999545
"Survey 4",10,"sigma_H_Goat/sheep",1.37988708033556
"Survey 4",10,"sigma_H_Pig",1.3962169135715
"Survey 4",10,"sigma_H_Poultry",0.620618777429662
"Survey 5",0.1,"beta_Dog",1.01930280235904
"Survey 5",0.1,"beta_Goat/sheep",1.02131586251067
"Survey 5",0.1,"beta_Hedgehog",0.94474585154045
"Survey 5",0.1,"beta_Pig",1.01462954650707
"Survey 5",0.1,"beta_Poultry",0.94601593067635
"Survey 5",0.1,"beta_Rodent",0.867631873479213
"Survey 5",0.1,"chi_H_Dog",1.01950431416143
"Survey 5",0.1,"chi_H_Goat/sheep",1.02140676822605
"Survey 5",0.1,"chi_H_Hedgehog",0.951926071343276
"Survey 5",0.1,"chi_H_Pig",1.01518279355884
"Survey 5",0.1,"chi_H_Poultry",0.953554779100813
"Survey 5",0.1,"chi_H_Rodent",0.88250838608944
"Survey 5",0.1,"phi",0.915025912630716
"Survey 5",0.2,"beta_Dog",1.01933848742059
"Survey 5",0.2,"beta_Goat/sheep",1.0213476097817
"Survey 5",0.2,"beta_Hedgehog",0.947198851425293
"Survey 5",0.2,"beta_Pig",1.01481675976112
"Survey 5",0.2,"beta_Poultry",0.948384853132815
"Survey 5",0.2,"beta_Rodent",0.872625508943361
"Survey 5",0.2,"chi_H_Dog",1.01977778708261
"Survey 5",0.2,"chi_H_Goat/sheep",1.02153900363717
"Survey 5",0.2,"chi_H_Hedgehog",0.959467154926132
"Survey 5",0.2,"chi_H_Pig",1.01571927793095
"Survey 5",0.2,"chi_H_Poultry",0.962751440075203
"Survey 5",0.2,"chi_H_Rodent",0.899143538184142
"Survey 5",0.2,"phi",0.926423759873224
"Survey 5",0.3,"beta_Dog",1.01946148497814
"Survey 5",0.3,"beta_Goat/sheep",1.02137959830358
"Survey 5",0.3,"beta_Hedgehog",0.951179988164772
"Survey 5",0.3,"beta_Pig",1.01516335779562
"Survey 5",0.3,"beta_Poultry",0.952483709359295
"Survey 5",0.3,"beta_Rodent",0.880870727341245
"Survey 5",0.3,"chi_H_Dog",1.02002166547528
"Survey 5",0.3,"chi_H_Goat/sheep",1.02173517581084
"Survey 5",0.3,"chi_H_Hedgehog",0.967565243961799
"Survey 5",0.3,"chi_H_Pig",1.01666531336902
"Survey 5",0.3,"chi_H_Poultry",0.97097501353092
"Survey 5",0.3,"chi_H_Rodent",0.916084162561373
"Survey 5",0.3,"phi",0.93819418083611
"Survey 5",0.4,"beta_Dog",1.01966006202742
"Survey 5",0.4,"beta_Goat/sheep",1.02151394551035
"Survey 5",0.4,"beta_Hedgehog",0.956386430233485
"Survey 5",0.4,"beta_Pig",1.01546031184066
"Survey 5",0.4,"beta_Poultry",0.959589427614874
"Survey 5",0.4,"beta_Rodent",0.892206805056518
"Survey 5",0.4,"chi_H_Dog",1.02045884228636
"Survey 5",0.4,"chi_H_Goat/sheep",1.02185634873709
"Survey 5",0.4,"chi_H_Hedgehog",0.975597623876716
"Survey 5",0.4,"chi_H_Pig",1.01716475571665
"Survey 5",0.4,"chi_H_Poultry",0.979046267253169
"Survey 5",0.4,"chi_H_Rodent",0.934310680915899
"Survey 5",0.4,"phi",0.950764729257373
"Survey 5",0.5,"beta_Dog",1.01994874488438
"Survey 5",0.5,"beta_Goat/sheep",1.02166402130413
"Survey 5",0.5,"beta_Hedgehog",0.963597125075114
"Survey 5",0.5,"beta_Pig",1.01623210267725
"Survey 5",0.5,"beta_Poultry",0.96651553178111
"Survey 5",0.5,"beta_Rodent",0.906949193394741
"Survey 5",0.5,"chi_H_Dog",1.02070387426828
"Survey 5",0.5,"chi_H_Goat/sheep",1.02194962311538
"Survey 5",0.5,"chi_H_Hedgehog",0.983305083180218
"Survey 5",0.5,"chi_H_Pig",1.01790412292614
"Survey 5",0.5,"chi_H_Poultry",0.986385861864653
"Survey 5",0.5,"chi_H_Rodent",0.950058646280209
"Survey 5",0.5,"phi",0.962774604730871
"Survey 5",0.6,"beta_Dog",1.02025227154462
"Survey 5",0.6,"beta_Goat/sheep",1.02180719424351
"Survey 5",0.6,"beta_Hedgehog",0.97244057737424
"Survey 5",0.6,"beta_Pig",1.01694695719271
"Survey 5",0.6,"beta_Poultry",0.975782906562167
"Survey 5",0.6,"beta_Rodent",0.926990910716122
"Survey 5",0.6,"chi_H_Dog",1.02103480992844
"Survey 5",0.6,"chi_H_Goat/sheep",1.02209116599091
"Survey 5",0.6,"chi_H_Hedgehog",0.990528523882427
"Survey 5",0.6,"chi_H_Pig",1.01861333459471
"Survey 5",0.6,"chi_H_Poultry",0.993635899204142
"Survey 5",0.6,"chi_H_Rodent",0.96510529549717
"Survey 5",0.6,"phi",0.974584011832713
"Survey 5",0.7,"beta_Dog",1.02067328501953
"Survey 5",0.7,"beta_Goat/sheep",1.02194537169005
"Survey 5",0.7,"beta_Hedgehog",0.982537711890609
"Survey 5",0.7,"beta_Pig",1.01781317927025
"Survey 5",0.7,"beta_Poultry",0.985672918107767
"Survey 5",0.7,"beta_Rodent",0.948406882761673
"Survey 5",0.7,"chi_H_Dog",1.02134904974672
"Survey 5",0.7,"chi_H_Goat/sheep",1.0222258610254
"Survey 5",0.7,"chi_H_Hedgehog",0.998570309808513
"Survey 5",0.7,"chi_H_Pig",1.01946679538218
"Survey 5",0.7,"chi_H_Poultry",1.00137774947624
"Survey 5",0.7,"chi_H_Rodent",0.980108774976161
"Survey 5",0.7,"phi",0.987273047675532
"Survey 5",0.8,"beta_Dog",1.0211835677876
"Survey 5",0.8,"beta_Goat/sheep",1.02214797824735
"Survey 5",0.8,"beta_Hedgehog",0.993499955743272
"Survey 5",0.8,"beta_Pig",1.01907488231061
"Survey 5",0.8,"beta_Poultry",0.996697254560725
"Survey 5",0.8,"beta_Rodent",0.970722652842816
"Survey 5",0.8,"chi_H_Dog",1.02199482713636
"Survey 5",0.8,"chi_H_Goat/sheep",1.02238222029731
"Survey 5",0.8,"chi_H_Hedgehog",1.00713748773834
"Survey 5",0.8,"chi_H_Pig",1.02060897161906
"Survey 5",0.8,"chi_H_Poultry",1.00813494974131
"Survey 5",0.8,"chi_H_Rodent",0.993928902333149
"Survey 5",0.8,"phi",0.999709860289812
"Survey 5",0.9,"beta_Dog",1.02202825224253
"Survey 5",0.9,"beta_Goat/sheep",1.02240155408432
"Survey 5",0.9,"beta_Hedgehog",1.00805906203483
"Survey 5",0.9,"beta_Pig",1.020656035717
"Survey 5",0.9,"beta_Poultry",1.00882251821074
"Survey 5",0.9,"beta_Rodent",0.995249941375388
"Survey 5",0.9,"chi_H_Dog",1.02236932945719
"Survey 5",0.9,"chi_H_Goat/sheep",1.02257750034298
"Survey 5",0.9,"chi_H_Hedgehog",1.01485011680088
"Survey 5",0.9,"chi_H_Pig",1.02150493177226
"Survey 5",0.9,"chi_H_Poultry",1.01458594148646
"Survey 5",0.9,"chi_H_Rodent",1.00681390020081
"Survey 5",0.9,"phi",1.01083631918468
"Survey 5",2,"sigma_H_Dog",1.02070527085234
"Survey 5",2,"sigma_H_Goat/sheep",1.02195166191563
"Survey 5",2,"sigma_H_Hedgehog",0.983473451237125
"Survey 5",2,"sigma_H_Pig",1.01790930725946
"Survey 5",2,"sigma_H_Poultry",0.986522686148113
"Survey 5",2,"sigma_H_Rodent",0.950228753890547
"Survey 5",3,"sigma_H_Dog",1.02012155242086
"Survey 5",3,"sigma_H_Goat/sheep",1.02178355448036
"Survey 5",3,"sigma_H_Hedgehog",0.970520668215065
"Survey 5",3,"sigma_H_Pig",1.0167875886962
"Survey 5",3,"sigma_H_Poultry",0.97340132183975
"Survey 5",3,"sigma_H_Rodent",0.922342264796554
"Survey 5",4,"sigma_H_Dog",1.01994894291514
"Survey 5",4,"sigma_H_Goat/sheep",1.0216649857735
"Survey 5",4,"sigma_H_Hedgehog",0.963739519798998
"Survey 5",4,"sigma_H_Pig",1.01623692341391
"Survey 5",4,"sigma_H_Poultry",0.966763451128107
"Survey 5",4,"sigma_H_Rodent",0.907160784520932
"Survey 5",5,"sigma_H_Dog",1.0197780455088
"Survey 5",5,"sigma_H_Goat/sheep",1.02153941477414
"Survey 5",5,"sigma_H_Hedgehog",0.959575263433793
"Survey 5",5,"sigma_H_Pig",1.01572989146735
"Survey 5",5,"sigma_H_Poultry",0.962820286637015
"Survey 5",5,"sigma_H_Rodent",0.899226781663702
"Survey 5",6,"sigma_H_Dog",1.01966822596516
"Survey 5",6,"sigma_H_Goat/sheep",1.02151678708244
"Survey 5",6,"sigma_H_Hedgehog",0.956974330959542
"Survey 5",6,"sigma_H_Pig",1.01548614919609
"Survey 5",6,"sigma_H_Poultry",0.960216560138085
"Survey 5",6,"sigma_H_Rodent",0.893443765794601
"Survey 5",7,"sigma_H_Dog",1.01960788014957
"Survey 5",7,"sigma_H_Goat/sheep",1.02150690041571
"Survey 5",7,"sigma_H_Hedgehog",0.955197945452588
"Survey 5",7,"sigma_H_Pig",1.01535661942201
"Survey 5",7,"sigma_H_Poultry",0.958180404264669
"Survey 5",7,"sigma_H_Rodent",0.889611735402949
"Survey 5",8,"sigma_H_Dog",1.01960153647989
"Survey 5",8,"sigma_H_Goat/sheep",1.02149948488031
"Survey 5",8,"sigma_H_Hedgehog",0.953862278041007
"Survey 5",8,"sigma_H_Pig",1.01530343207363
"Survey 5",8,"sigma_H_Poultry",0.956504513449141
"Survey 5",8,"sigma_H_Rodent",0.886647877639659
"Survey 5",9,"sigma_H_Dog",1.01955069729984
"Survey 5",9,"sigma_H_Goat/sheep",1.02143746177729
"Survey 5",9,"sigma_H_Hedgehog",0.952821411806663
"Survey 5",9,"sigma_H_Pig",1.01523908617128
"Survey 5",9,"sigma_H_Poultry",0.955030554379665
"Survey 5",9,"sigma_H_Rodent",0.884379454752056
"Survey 5",10,"sigma_H_Dog",1.0195043985214
"Survey 5",10,"sigma_H_Goat/sheep",1.02140807716085
"Survey 5",10,"sigma_H_Hedgehog",0.951987444306815
"Survey 5",10,"sigma_H_Pig",1.015183368128
"Survey 5",10,"sigma_H_Poultry",0.95360337723079
"Survey 5",10,"sigma_H_Rodent",0.882559388642688
"Survey 6",0.1,"beta_Cattle",1.23862997353492
"Survey 6",0.1,"beta_Dog",2.42824460174503
"Survey 6",0.1,"beta_Goat/sheep",2.26554118865116
"Survey 6",0.1,"beta_Pig",2.44907379084382
"Survey 6",0.1,"beta_Rodent",2.44882156344128
"Survey 6",0.1,"chi_H_Cattle",1.43675254129777
"Survey 6",0.1,"chi_H_Dog",2.43044567667664
"Survey 6",0.1,"chi_H_Goat/sheep",2.28712144306627
"Survey 6",0.1,"chi_H_Pig",2.44914346256528
"Survey 6",0.1,"chi_H_Rodent",2.44895313306844
"Survey 6",0.1,"phi",2.12474418765305
"Survey 6",0.2,"beta_Cattle",1.30454346388032
"Survey 6",0.2,"beta_Dog",2.42946926853108
"Survey 6",0.2,"beta_Goat/sheep",2.27281640152604
"Survey 6",0.2,"beta_Pig",2.44909701504268
"Survey 6",0.2,"beta_Rodent",2.44886542100359
"Survey 6",0.2,"chi_H_Cattle",1.61445612801803
"Survey 6",0.2,"chi_H_Dog",2.4315070168635
"Survey 6",0.2,"chi_H_Goat/sheep",2.30996868840126
"Survey 6",0.2,"chi_H_Pig",2.44922087251019
"Survey 6",0.2,"chi_H_Rodent",2.44909931077867
"Survey 6",0.2,"phi",2.15745085889733
"Survey 6",0.3,"beta_Cattle",1.41598385447276
"Survey 6",0.3,"beta_Dog",2.43033950422269
"Survey 6",0.3,"beta_Goat/sheep",2.28522659148367
"Survey 6",0.3,"beta_Pig",2.44913572139254
"Survey 6",0.3,"beta_Rodent",2.44893851467426
"Survey 6",0.3,"chi_H_Cattle",1.75226638400335
"Survey 6",0.3,"chi_H_Dog",2.43256765931144
"Survey 6",0.3,"chi_H_Goat/sheep",2.32879985688155
"Survey 6",0.3,"chi_H_Pig",2.44929827921454
"Survey 6",0.3,"chi_H_Rodent",2.4492454771607
"Survey 6",0.3,"phi",2.19563740911404
"Survey 6",0.4,"beta_Cattle",1.55308030797653
"Survey 6",0.4,"beta_Dog",2.43108256460408
"Survey 6",0.4,"beta_Goat/sheep",2.3000707339998
"Survey 6",0.4,"beta_Pig",2.44918990892111
"Survey 6",0.4,"beta_Rodent",2.44904084105412
"Survey 6",0.4,"chi_H_Cattle",1.88758612815299
"Survey 6",0.4,"chi_H_Dog",2.43431586743752
"Survey 6",0.4,"chi_H_Goat/sheep",2.35921008374121
"Survey 6",0.4,"chi_H_Pig",2.44937568267878
"Survey 6",0.4,"chi_H_Rodent",2.44938342362964
"Survey 6",0.4,"phi",2.23333415214614
"Survey 6",0.5,"beta_Cattle",1.68760220372527
"Survey 6",0.5,"beta_Dog",2.4320374252082
"Survey 6",0.5,"beta_Goat/sheep",2.3225856329827
"Survey 6",0.5,"beta_Pig",2.44925957626741
"Survey 6",0.5,"beta_Rodent",2.44917239538553
"Survey 6",0.5,"chi_H_Cattle",2.011055043504
"Survey 6",0.5,"chi_H_Dog",2.43635809608095
"Survey 6",0.5,"chi_H_Goat/sheep",2.38083283459471
"Survey 6",0.5,"chi_H_Pig",2.44945308290335
"Survey 6",0.5,"chi_H_Rodent",2.44945953329945
"Survey 6",0.5,"phi",2.26509018899645
"Survey 6",0.6,"beta_Cattle",1.83732646961266
"Survey 6",0.6,"beta_Dog",2.43361115650769
"Survey 6",0.6,"beta_Goat/sheep",2.34776357513427
"Survey 6",0.6,"beta_Pig",2.44934472168187
"Survey 6",0.6,"beta_Rodent",2.44933317155355
"Survey 6",0.6,"chi_H_Cattle",2.10400539604939
"Survey 6",0.6,"chi_H_Dog",2.439918193463
"Survey 6",0.6,"chi_H_Goat/sheep",2.39544374175625
"Survey 6",0.6,"chi_H_Pig",2.44953047988868
"Survey 6",0.6,"chi_H_Rodent",2.44953563988858
"Survey 6",0.6,"phi",2.29995263841268
"Survey 6",0.7,"beta_Cattle",1.9979201360823
"Survey 6",0.7,"beta_Dog",2.43613743994377
"Survey 6",0.7,"beta_Goat/sheep",2.3784755384711
"Survey 6",0.7,"beta_Pig",2.44944534302666
"Survey 6",0.7,"beta_Rodent",2.4494519224711
"Survey 6",0.7,"chi_H_Cattle",2.19569602835469
"Survey 6",0.7,"chi_H_Dog",2.44134382228622
"Survey 6",0.7,"chi_H_Goat/sheep",2.41274788191532
"Survey 6",0.7,"chi_H_Pig",2.44960787363521
"Survey 6",0.7,"chi_H_Rodent",2.44961174339745
"Survey 6",0.7,"phi",2.33647985544532
"Survey 6",0.8,"beta_Cattle",2.13958508228944
"Survey 6",0.8,"beta_Dog",2.44045034257841
"Survey 6",0.8,"beta_Goat/sheep",2.40602707407392
"Survey 6",0.8,"beta_Pig",2.44956143777592
"Survey 6",0.8,"beta_Rodent",2.44956608166174
"Survey 6",0.8,"chi_H_Cattle",2.28293980445593
"Survey 6",0.8,"chi_H_Dog",2.44313086027565
"Survey 6",0.8,"chi_H_Goat/sheep",2.42597398906343
"Survey 6",0.8,"chi_H_Pig",2.4496852641434
"Survey 6",0.8,"chi_H_Rodent",2.44968784382646
"Survey 6",0.8,"phi",2.37397927286855
"Survey 6",0.9,"beta_Cattle",2.29079075473267
"Survey 6",0.9,"beta_Dog",2.44320812901755
"Survey 6",0.9,"beta_Goat/sheep",2.42699265428161
"Survey 6",0.9,"beta_Pig",2.44969300301612
"Survey 6",0.9,"beta_Rodent",2.44969545369998
"Survey 6",0.9,"chi_H_Cattle",2.36617931693144
"Survey 6",0.9,"chi_H_Dog",2.44551238730799
"Survey 6",0.9,"chi_H_Goat/sheep",2.43836736760277
"Survey 6",0.9,"chi_H_Pig",2.44976265141367
"Survey 6",0.9,"chi_H_Rodent",2.449763941176
"Survey 6",0.9,"phi",2.41230514403291
"Survey 6",2,"sigma_H_Cattle",2.01134183881151
"Survey 6",2,"sigma_H_Dog",2.43636723051042
"Survey 6",2,"sigma_H_Goat/sheep",2.38149363092544
"Survey 6",2,"sigma_H_Pig",2.44945374591463
"Survey 6",2,"sigma_H_Rodent",2.44946054932316
"Survey 6",3,"sigma_H_Cattle",1.79996194840474
"Survey 6",3,"sigma_H_Dog",2.43314876320441
"Survey 6",3,"sigma_H_Goat/sheep",2.33940095029414
"Survey 6",3,"sigma_H_Pig",2.44932467048365
"Survey 6",3,"sigma_H_Rodent",2.44929671798759
"Survey 6",4,"sigma_H_Cattle",1.6878487016808
"Survey 6",4,"sigma_H_Dog",2.43204215025646
"Survey 6",4,"sigma_H_Goat/sheep",2.32277063257564
"Survey 6",4,"sigma_H_Pig",2.44926007404623
"Survey 6",4,"sigma_H_Rodent",2.44917452421569
"Survey 6",5,"sigma_H_Cattle",1.61473736495743
"Survey 6",5,"sigma_H_Dog",2.43151105092499
"Survey 6",5,"sigma_H_Goat/sheep",2.31029603741488
"Survey 6",5,"sigma_H_Pig",2.44922129737037
"Survey 6",5,"sigma_H_Rodent",2.44910112817687
"Survey 6",6,"sigma_H_Cattle",1.56343345174838
"Survey 6",6,"sigma_H_Dog",2.43115681736401
"Survey 6",6,"sigma_H_Goat/sheep",2.30190921827663
"Survey 6",6,"sigma_H_Pig",2.44919543840902
"Survey 6",6,"sigma_H_Rodent",2.44905216419794
"Survey 6",7,"sigma_H_Cattle",1.52638544793059
"Survey 6",7,"sigma_H_Dog",2.43090371135471
"Survey 6",7,"sigma_H_Goat/sheep",2.29626905219513
"Survey 6",7,"sigma_H_Pig",2.44917696387869
"Survey 6",7,"sigma_H_Rodent",2.44901717360907
"Survey 6",8,"sigma_H_Cattle",1.49508580630954
"Survey 6",8,"sigma_H_Dog",2.43071383695501
"Survey 6",8,"sigma_H_Goat/sheep",2.29117434463227
"Survey 6",8,"sigma_H_Pig",2.44916310587832
"Survey 6",8,"sigma_H_Rodent",2.44899092173778
"Survey 6",9,"sigma_H_Cattle",1.46725421276706
"Survey 6",9,"sigma_H_Dog",2.43056613025069
"Survey 6",9,"sigma_H_Goat/sheep",2.28928198114504
"Survey 6",9,"sigma_H_Pig",2.44915232618732
"Survey 6",9,"sigma_H_Rodent",2.44897049832156
"Survey 6",10,"sigma_H_Cattle",1.4376263603014
"Survey 6",10,"sigma_H_Dog",2.43044794811323
"Survey 6",10,"sigma_H_Goat/sheep",2.28716932533582
"Survey 6",10,"sigma_H_Pig",2.44914370164923
"Survey 6",10,"sigma_H_Rodent",2.4489541562521
"Survey 7",0.1,"beta_Cattle",1.28285799183698
"Survey 7",0.1,"beta_Dog",1.28348238401495
"Survey 7",0.1,"beta_Goat/sheep",0.796803430536208
"Survey 7",0.1,"beta_Hedgehog",1.27827789173915
"Survey 7",0.1,"beta_Pig",1.27731986687457
"Survey 7",0.1,"beta_Poultry",1.26464881440463
"Survey 7",0.1,"beta_Rodent",1.22108928676831
"Survey 7",0.1,"chi_H_Cattle",1.28293579757113
"Survey 7",0.1,"chi_H_Dog",1.28353229300183
"Survey 7",0.1,"chi_H_Goat/sheep",0.859283205066405
"Survey 7",0.1,"chi_H_Hedgehog",1.27868335656841
"Survey 7",0.1,"chi_H_Pig",1.27790412739881
"Survey 7",0.1,"chi_H_Poultry",1.26634054286957
"Survey 7",0.1,"chi_H_Rodent",1.22696338698802
"Survey 7",0.1,"phi",0.986063641875931
"Survey 7",0.2,"beta_Cattle",1.28287202721137
"Survey 7",0.2,"beta_Dog",1.28349902073869
"Survey 7",0.2,"beta_Goat/sheep",0.818226361300749
"Survey 7",0.2,"beta_Hedgehog",1.27841306794891
"Survey 7",0.2,"beta_Pig",1.27740441159257
"Survey 7",0.2,"beta_Poultry",1.26505329756163
"Survey 7",0.2,"beta_Rodent",1.22287139502555
"Survey 7",0.2,"chi_H_Cattle",1.28313030981095
"Survey 7",0.2,"chi_H_Dog",1.28358774326519
"Survey 7",0.2,"chi_H_Goat/sheep",0.922140328058751
"Survey 7",0.2,"chi_H_Hedgehog",1.27916428900295
"Survey 7",0.2,"chi_H_Pig",1.27850986082139
"Survey 7",0.2,"chi_H_Poultry",1.26932983606123
"Survey 7",0.2,"chi_H_Rodent",1.23245768736432
"Survey 7",0.2,"phi",1.01741350448877
"Survey 7",0.3,"beta_Cattle",1.28291634294584
"Survey 7",0.3,"beta_Dog",1.28352674773429
"Survey 7",0.3,"beta_Goat/sheep",0.852840291344506
"Survey 7",0.3,"beta_Hedgehog",1.27863831436987
"Survey 7",0.3,"beta_Pig",1.27775803342919
"Survey 7",0.3,"beta_Poultry",1.26622957902073
"Survey 7",0.3,"beta_Rodent",1.22581114559001
"Survey 7",0.3,"chi_H_Cattle",1.2833247602531
"Survey 7",0.3,"chi_H_Dog",1.28364318914388
"Survey 7",0.3,"chi_H_Goat/sheep",0.976813245737205
"Survey 7",0.3,"chi_H_Hedgehog",1.27981272867142
"Survey 7",0.3,"chi_H_Pig",1.27893621133657
"Survey 7",0.3,"chi_H_Poultry",1.27120457089671
"Survey 7",0.3,"chi_H_Rodent",1.24042343151342
"Survey 7",0.3,"phi",1.048821977113
"Survey 7",0.4,"beta_Cattle",1.28305251233428
"Survey 7",0.4,"beta_Dog",1.28356556368607
"Survey 7",0.4,"beta_Goat/sheep",0.897880825433969
"Survey 7",0.4,"beta_Hedgehog",1.27895356019414
"Survey 7",0.4,"beta_Pig",1.27833927058977
"Survey 7",0.4,"beta_Poultry",1.26791351620015
"Survey 7",0.4,"beta_Rodent",1.2304769015273
"Survey 7",0.4,"chi_H_Cattle",1.2835191489607
"Survey 7",0.4,"chi_H_Dog",1.28369863063906
"Survey 7",0.4,"chi_H_Goat/sheep",1.02442546411293
"Survey 7",0.4,"chi_H_Hedgehog",1.28062637142059
"Survey 7",0.4,"chi_H_Pig",1.28013767350617
"Survey 7",0.4,"chi_H_Poultry",1.27352633825016
"Survey 7",0.4,"chi_H_Rodent",1.24617877359149
"Survey 7",0.4,"phi",1.07996197120769
"Survey 7",0.5,"beta_Cattle",1.28322754275279
"Survey 7",0.5,"beta_Dog",1.28361546675255
"Survey 7",0.5,"beta_Goat/sheep",0.949953897486268
"Survey 7",0.5,"beta_Hedgehog",1.27948688585117
"Survey 7",0.5,"beta_Pig",1.2787230584034
"Survey 7",0.5,"beta_Poultry",1.26988660206844
"Survey 7",0.5,"beta_Rodent",1.23667292426262
"Survey 7",0.5,"chi_H_Cattle",1.28371347599674
"Survey 7",0.5,"chi_H_Dog",1.28375406775188
"Survey 7",0.5,"chi_H_Goat/sheep",1.07504936702367
"Survey 7",0.5,"chi_H_Hedgehog",1.28128794387512
"Survey 7",0.5,"chi_H_Pig",1.28106541892112
"Survey 7",0.5,"chi_H_Poultry",1.27524838752211
"Survey 7",0.5,"chi_H_Rodent",1.25072559054288
"Survey 7",0.5,"phi",1.11148649551212
"Survey 7",0.6,"beta_Cattle",1.28344140088177
"Survey 7",0.6,"beta_Dog",1.28367645456693
"Survey 7",0.6,"beta_Goat/sheep",1.00421680777623
"Survey 7",0.6,"beta_Hedgehog",1.28026874237903
"Survey 7",0.6,"beta_Pig",1.27956627227104
"Survey 7",0.6,"beta_Poultry",1.27294529602939
"Survey 7",0.6,"beta_Rodent",1.24454756239977
"Survey 7",0.6,"chi_H_Cattle",1.28379524903488
"Survey 7",0.6,"chi_H_Dog",1.28380950048351
"Survey 7",0.6,"chi_H_Goat/sheep",1.12093930391404
"Survey 7",0.6,"chi_H_Hedgehog",1.28180893489329
"Survey 7",0.6,"chi_H_Pig",1.28235821013099
"Survey 7",0.6,"chi_H_Poultry",1.27688877127765
"Survey 7",0.6,"chi_H_Rodent",1.25842580500565
"Survey 7",0.6,"phi",1.14419690371988
"Survey 7",0.7,"beta_Cattle",1.28369404606656
"Survey 7",0.7,"beta_Dog",1.28374852423777
"Survey 7",0.7,"beta_Goat/sheep",1.07047280540997
"Survey 7",0.7,"beta_Hedgehog",1.28121423441921
"Survey 7",0.7,"beta_Pig",1.28097500389847
"Survey 7",0.7,"beta_Poultry",1.27505390330714
"Survey 7",0.7,"beta_Rodent",1.25007607554836
"Survey 7",0.7,"chi_H_Cattle",1.28384125747784
"Survey 7",0.7,"chi_H_Dog",1.2838649288351
"Survey 7",0.7,"chi_H_Goat/sheep",1.16443815453418
"Survey 7",0.7,"chi_H_Hedgehog",1.2823856465493
"Survey 7",0.7,"chi_H_Pig",1.28266866385404
"Survey 7",0.7,"chi_H_Poultry",1.27797084646876
"Survey 7",0.7,"chi_H_Rodent",1.26453936687552
"Survey 7",0.7,"phi",1.1773810103511
"Survey 7",0.8,"beta_Cattle",1.28381500811828
"Survey 7",0.8,"beta_Dog",1.28383167234968
"Survey 7",0.8,"beta_Goat/sheep",1.13864579077018
"Survey 7",0.8,"beta_Hedgehog",1.28199962332085
"Survey 7",0.8,"beta_Pig",1.28248240780689
"Survey 7",0.8,"beta_Poultry",1.27710821292667
"Survey 7",0.8,"beta_Rodent",1.26122404330375
"Survey 7",0.8,"chi_H_Cattle",1.28388500478074
"Survey 7",0.8,"chi_H_Dog",1.28392035280781
"Survey 7",0.8,"chi_H_Goat/sheep",1.20537341471353
"Survey 7",0.8,"chi_H_Hedgehog",1.28302869276309
"Survey 7",0.8,"chi_H_Pig",1.28297898279307
"Survey 7",0.8,"chi_H_Poultry",1.27906285392036
"Survey 7",0.8,"chi_H_Rodent",1.27076881033515
"Survey 7",0.8,"phi",1.21278881134037
"Survey 7",0.9,"beta_Cattle",1.283889379399
"Survey 7",0.9,"beta_Dog",1.28392589496428
"Survey 7",0.9,"beta_Goat/sheep",1.20950061789196
"Survey 7",0.9,"beta_Hedgehog",1.28309297500751
"Survey 7",0.9,"beta_Pig",1.28301000728142
"Survey 7",0.9,"beta_Poultry",1.27921364832763
"Survey 7",0.9,"beta_Rodent",1.27141679351798
"Survey 7",0.9,"chi_H_Cattle",1.28392875004677
"Survey 7",0.9,"chi_H_Dog",1.28395430912892
"Survey 7",0.9,"chi_H_Goat/sheep",1.2456648570298
"Survey 7",0.9,"chi_H_Hedgehog",1.28352129233283
"Survey 7",0.9,"chi_H_Pig",1.283291738022
"Survey 7",0.9,"chi_H_Poultry",1.2816945246696
"Survey 7",0.9,"chi_H_Rodent",1.27718507535942
"Survey 7",0.9,"phi",1.24811811613008
"Survey 7",2,"sigma_H_Cattle",1.28371464446965
"Survey 7",2,"sigma_H_Dog",1.28375434082297
"Survey 7",2,"sigma_H_Goat/sheep",1.07540030065015
"Survey 7",2,"sigma_H_Hedgehog",1.28130468441103
"Survey 7",2,"sigma_H_Pig",1.28107486766323
"Survey 7",2,"sigma_H_Poultry",1.27527511677319
"Survey 7",2,"sigma_H_Rodent",1.25074558830214
"Survey 7",3,"sigma_H_Cattle",1.28339060299083
"Survey 7",3,"sigma_H_Dog",1.28366191297987
"Survey 7",3,"sigma_H_Goat/sheep",0.993400858689818
"Survey 7",3,"sigma_H_Hedgehog",1.280073669263
"Survey 7",3,"sigma_H_Pig",1.27921199808936
"Survey 7",3,"sigma_H_Poultry",1.27266300058458
"Survey 7",3,"sigma_H_Rodent",1.24286048635134
"Survey 7",4,"sigma_H_Cattle",1.28322842037754
"Survey 7",4,"sigma_H_Dog",1.28361567170872
"Survey 7",4,"sigma_H_Goat/sheep",0.95026489756428
"Survey 7",4,"sigma_H_Hedgehog",1.27949796314727
"Survey 7",4,"sigma_H_Pig",1.2787282877692
"Survey 7",4,"sigma_H_Poultry",1.26993643611082
"Survey 7",4,"sigma_H_Rodent",1.23678407097928
"Survey 7",5,"sigma_H_Cattle",1.28313105893457
"Survey 7",5,"sigma_H_Dog",1.28358791818723
"Survey 7",5,"sigma_H_Goat/sheep",0.922355835267391
"Survey 7",5,"sigma_H_Hedgehog",1.27917374899589
"Survey 7",5,"sigma_H_Pig",1.27851432635549
"Survey 7",5,"sigma_H_Poultry",1.26933743106917
"Survey 7",5,"sigma_H_Rodent",1.23259018265028
"Survey 7",6,"sigma_H_Cattle",1.28306612967386
"Survey 7",6,"sigma_H_Dog",1.28356941218848
"Survey 7",6,"sigma_H_Goat/sheep",0.902016958565929
"Survey 7",6,"sigma_H_Hedgehog",1.27898964883763
"Survey 7",6,"sigma_H_Pig",1.27837158243338
"Survey 7",6,"sigma_H_Poultry",1.26824088126836
"Survey 7",6,"sigma_H_Rodent",1.23104362595127
"Survey 7",7,"sigma_H_Cattle",1.28301974102969
"Survey 7",7,"sigma_H_Dog",1.28355619182914
"Survey 7",7,"sigma_H_Goat/sheep",0.887233030954757
"Survey 7",7,"sigma_H_Hedgehog",1.27888172235825
"Survey 7",7,"sigma_H_Pig",1.27826957198673
"Survey 7",7,"sigma_H_Poultry",1.26732660242405
"Survey 7",7,"sigma_H_Rodent",1.2291726922444
"Survey 7",8,"sigma_H_Cattle",1.28298494374714
"Survey 7",8,"sigma_H_Dog",1.28354627558119
"Survey 7",8,"sigma_H_Goat/sheep",0.875544835585225
"Survey 7",8,"sigma_H_Hedgehog",1.27880073584145
"Survey 7",8,"sigma_H_Pig",1.27819303650904
"Survey 7",8,"sigma_H_Poultry",1.26663979660405
"Survey 7",8,"sigma_H_Rodent",1.22830000520584
"Survey 7",9,"sigma_H_Cattle",1.28295787575642
"Survey 7",9,"sigma_H_Dog",1.283538562364
"Survey 7",9,"sigma_H_Goat/sheep",0.866578997056279
"Survey 7",9,"sigma_H_Hedgehog",1.27873772162471
"Survey 7",9,"sigma_H_Pig",1.27807694381228
"Survey 7",9,"sigma_H_Poultry",1.2664211236083
"Survey 7",9,"sigma_H_Rodent",1.22776363442203
"Survey 7",10,"sigma_H_Cattle",1.28293621919769
"Survey 7",10,"sigma_H_Dog",1.28353239142487
"Survey 7",10,"sigma_H_Goat/sheep",0.85944260389585
"Survey 7",10,"sigma_H_Hedgehog",1.27868729467932
"Survey 7",10,"sigma_H_Pig",1.27791371853936
"Survey 7",10,"sigma_H_Poultry",1.26634508909046
"Survey 7",10,"sigma_H_Rodent",1.22699494651259
"Survey 8",0.1,"beta_Dog",1.00694559955897
"Survey 8",0.1,"beta_Goat/sheep",0.995539571775272
"Survey 8",0.1,"beta_Pig",1.00991746338511
"Survey 8",0.1,"beta_Poultry",0.674956628805197
"Survey 8",0.1,"chi_H_Dog",1.00782292301073
"Survey 8",0.1,"chi_H_Goat/sheep",0.997619364099942
"Survey 8",0.1,"chi_H_Pig",1.0108145008908
"Survey 8",0.1,"chi_H_Poultry",0.716422027903532
"Survey 8",0.1,"phi",0.878417878110042
"Survey 8",0.2,"beta_Dog",1.00723352002247
"Survey 8",0.2,"beta_Goat/sheep",0.996198674543265
"Survey 8",0.2,"beta_Pig",1.01016489291657
"Survey 8",0.2,"beta_Poultry",0.688950191026594
"Survey 8",0.2,"chi_H_Dog",1.00865915934717
"Survey 8",0.2,"chi_H_Goat/sheep",0.999858973205864
"Survey 8",0.2,"chi_H_Pig",1.01179741470233
"Survey 8",0.2,"chi_H_Poultry",0.758142136805064
"Survey 8",0.2,"phi",0.893890632749036
"Survey 8",0.3,"beta_Dog",1.00771873355878
"Survey 8",0.3,"beta_Goat/sheep",0.997416316440127
"Survey 8",0.3,"beta_Pig",1.01071526765759
"Survey 8",0.3,"beta_Poultry",0.711775267318831
"Survey 8",0.3,"chi_H_Dog",1.00981867931933
"Survey 8",0.3,"chi_H_Goat/sheep",1.00240638418217
"Survey 8",0.3,"chi_H_Pig",1.01260488229694
"Survey 8",0.3,"chi_H_Poultry",0.797941324704422
"Survey 8",0.3,"phi",0.909054957399347
"Survey 8",0.4,"beta_Dog",1.00821372810061
"Survey 8",0.4,"beta_Goat/sheep",0.999017599573531
"Survey 8",0.4,"beta_Pig",1.01146695691423
"Survey 8",0.4,"beta_Poultry",0.741592875912087
"Survey 8",0.4,"chi_H_Dog",1.01083938078384
"Survey 8",0.4,"chi_H_Goat/sheep",1.00481740734721
"Survey 8",0.4,"chi_H_Pig",1.01362266994066
"Survey 8",0.4,"chi_H_Poultry",0.834861820934066
"Survey 8",0.4,"phi",0.92573291576073
"Survey 8",0.5,"beta_Dog",1.00930080505403
"Survey 8",0.5,"beta_Goat/sheep",1.00108624137342
"Survey 8",0.5,"beta_Pig",1.01216969353034
"Survey 8",0.5,"beta_Poultry",0.778862600718197
"Survey 8",0.5,"chi_H_Dog",1.01213256098484
"Survey 8",0.5,"chi_H_Goat/sheep",1.00707850707854
"Survey 8",0.5,"chi_H_Pig",1.01452023780917
"Survey 8",0.5,"chi_H_Poultry",0.870122874614532
"Survey 8",0.5,"phi",0.941263524784973
"Survey 8",0.6,"beta_Dog",1.01055628809535
"Survey 8",0.6,"beta_Goat/sheep",1.00365993118957
"Survey 8",0.6,"beta_Pig",1.01325411636737
"Survey 8",0.6,"beta_Poultry",0.820339809151263
"Survey 8",0.6,"chi_H_Dog",1.01310310218031
"Survey 8",0.6,"chi_H_Goat/sheep",1.00932549824463
"Survey 8",0.6,"chi_H_Pig",1.01568976730871
"Survey 8",0.6,"chi_H_Poultry",0.902227148806974
"Survey 8",0.6,"phi",0.957584994706339
"Survey 8",0.7,"beta_Dog",1.01197645044284
"Survey 8",0.7,"beta_Goat/sheep",1.00686119999988
"Survey 8",0.7,"beta_Pig",1.01440491915112
"Survey 8",0.7,"beta_Poultry",0.866949561773177
"Survey 8",0.7,"chi_H_Dog",1.01409309363887
"Survey 8",0.7,"chi_H_Goat/sheep",1.01190049153368
"Survey 8",0.7,"chi_H_Pig",1.01720425249982
"Survey 8",0.7,"chi_H_Poultry",0.934553547177018
"Survey 8",0.7,"phi",0.974175551144885
"Survey 8",0.8,"beta_Dog",1.01337850948836
"Survey 8",0.8,"beta_Goat/sheep",1.01010275635665
"Survey 8",0.8,"beta_Pig",1.01629779503993
"Survey 8",0.8,"beta_Poultry",0.914824561732605
"Survey 8",0.8,"chi_H_Dog",1.01630976192401
"Survey 8",0.8,"chi_H_Goat/sheep",1.01495692308602
"Survey 8",0.8,"chi_H_Pig",1.01900583418752
"Survey 8",0.8,"chi_H_Poultry",0.964438499524887
"Survey 8",0.8,"phi",0.989803975947774
"Survey 8",0.9,"beta_Dog",1.0164430809751
"Survey 8",0.9,"beta_Goat/sheep",1.01536418887267
"Survey 8",0.9,"beta_Pig",1.01909847979079
"Survey 8",0.9,"beta_Poultry",0.967151872932441
"Survey 8",0.9,"chi_H_Dog",1.01951821084453
"Survey 8",0.9,"chi_H_Goat/sheep",1.01914872216492
"Survey 8",0.9,"chi_H_Pig",1.02059890897592
"Survey 8",0.9,"chi_H_Poultry",0.994082725015452
"Survey 8",0.9,"phi",1.00713636617504
"Survey 8",2,"sigma_H_Dog",1.01213550768005
"Survey 8",2,"sigma_H_Goat/sheep",1.00708200121157
"Survey 8",2,"sigma_H_Pig",1.01453080762591
"Survey 8",2,"sigma_H_Poultry",0.870476623521117
"Survey 8",3,"sigma_H_Dog",1.01025623047772
"Survey 8",3,"sigma_H_Goat/sheep",1.0031248591636
"Survey 8",3,"sigma_H_Pig",1.01289195952069
"Survey 8",3,"sigma_H_Poultry",0.810932147492137
"Survey 8",4,"sigma_H_Dog",1.00930480998048
"Survey 8",4,"sigma_H_Goat/sheep",1.00109757073762
"Survey 8",4,"sigma_H_Pig",1.01217585655249
"Survey 8",4,"sigma_H_Poultry",0.779255222727226
"Survey 8",5,"sigma_H_Dog",1.00867406697052
"Survey 8",5,"sigma_H_Goat/sheep",0.999868243456918
"Survey 8",5,"sigma_H_Pig",1.01181405025878
"Survey 8",5,"sigma_H_Poultry",0.758440256498141
"Survey 8",6,"sigma_H_Dog",1.0083120662091
"Survey 8",6,"sigma_H_Goat/sheep",0.999149357847528
"Survey 8",6,"sigma_H_Pig",1.01154098078221
"Survey 8",6,"sigma_H_Poultry",0.744820871746577
"Survey 8",7,"sigma_H_Dog",1.00813695418947
"Survey 8",7,"sigma_H_Goat/sheep",0.99861881161226
"Survey 8",7,"sigma_H_Pig",1.01132827224468
"Survey 8",7,"sigma_H_Poultry",0.734900286984541
"Survey 8",8,"sigma_H_Dog",1.00802424561458
"Survey 8",8,"sigma_H_Goat/sheep",0.998212132817152
"Survey 8",8,"sigma_H_Pig",1.01107004588501
"Survey 8",8,"sigma_H_Poultry",0.727463002218621
"Survey 8",9,"sigma_H_Dog",1.00791766004355
"Survey 8",9,"sigma_H_Goat/sheep",0.997895623000251
"Survey 8",9,"sigma_H_Pig",1.01100314433556
"Survey 8",9,"sigma_H_Poultry",0.721615820583525
"Survey 8",10,"sigma_H_Dog",1.00782467081445
"Survey 8",10,"sigma_H_Goat/sheep",0.997623226503599
"Survey 8",10,"sigma_H_Pig",1.01082293691557
"Survey 8",10,"sigma_H_Poultry",0.716776344215786
"Survey 9",0.1,"beta_Cattle",1.25581680900969
"Survey 9",0.1,"beta_Dog",1.30642105686961
"Survey 9",0.1,"beta_Goat/sheep",1.22754357283222
"Survey 9",0.1,"beta_Hare",1.3006951257573
"Survey 9",0.1,"beta_Hedgehog",1.25183747336454
"Survey 9",0.1,"beta_Pig",1.32537947816965
"Survey 9",0.1,"beta_Poultry",1.0266106896388
"Survey 9",0.1,"beta_Rodent",1.31071832539905
"Survey 9",0.1,"beta_Weasel",1.31484354812009
"Survey 9",0.1,"chi_H_Cattle",1.26226116960876
"Survey 9",0.1,"chi_H_Dog",1.3086847918702
"Survey 9",0.1,"chi_H_Goat/sheep",1.23889227410716
"Survey 9",0.1,"chi_H_Hare",1.30378261677824
"Survey 9",0.1,"chi_H_Hedgehog",1.25794028530728
"Survey 9",0.1,"chi_H_Pig",1.32545645399399
"Survey 9",0.1,"chi_H_Poultry",1.05332914911496
"Survey 9",0.1,"chi_H_Rodent",1.31184369287418
"Survey 9",0.1,"chi_H_Weasel",1.31560992345251
"Survey 9",0.1,"phi",1.17710333744798
"Survey 9",0.2,"beta_Cattle",1.25793646019732
"Survey 9",0.2,"beta_Dog",1.30689637805525
"Survey 9",0.2,"beta_Goat/sheep",1.23192411598807
"Survey 9",0.2,"beta_Hare",1.30126776023463
"Survey 9",0.2,"beta_Hedgehog",1.2536177588879
"Survey 9",0.2,"beta_Pig",1.32539371570625
"Survey 9",0.2,"beta_Poultry",1.03573563820311
"Survey 9",0.2,"beta_Rodent",1.31112541943687
"Survey 9",0.2,"beta_Weasel",1.3152199274836
"Survey 9",0.2,"chi_H_Cattle",1.26881504457403
"Survey 9",0.2,"chi_H_Dog",1.31098084561699
"Survey 9",0.2,"chi_H_Goat/sheep",1.24873049401275
"Survey 9",0.2,"chi_H_Hare",1.30627668932173
"Survey 9",0.2,"chi_H_Hedgehog",1.26457280414582
"Survey 9",0.2,"chi_H_Pig",1.3257030757796
"Survey 9",0.2,"chi_H_Poultry",1.08523142904566
"Survey 9",0.2,"chi_H_Rodent",1.31375484483471
"Survey 9",0.2,"chi_H_Weasel",1.31611820867003
"Survey 9",0.2,"phi",1.19333191300962
"Survey 9",0.3,"beta_Cattle",1.26142975208743
"Survey 9",0.3,"beta_Dog",1.30834213128522
"Survey 9",0.3,"beta_Goat/sheep",1.23789732074996
"Survey 9",0.3,"beta_Hare",1.30365191004793
"Survey 9",0.3,"beta_Hedgehog",1.25711942573195
"Survey 9",0.3,"beta_Pig",1.32543178748177
"Survey 9",0.3,"beta_Poultry",1.05119341038446
"Survey 9",0.3,"beta_Rodent",1.31174989625022
"Survey 9",0.3,"beta_Weasel",1.31557487330959
"Survey 9",0.3,"chi_H_Cattle",1.27685999546047
"Survey 9",0.3,"chi_H_Dog",1.31385933177016
"Survey 9",0.3,"chi_H_Goat/sheep",1.26200573504257
"Survey 9",0.3,"chi_H_Hare",1.30856561684377
"Survey 9",0.3,"chi_H_Hedgehog",1.27183608389414
"Survey 9",0.3,"chi_H_Pig",1.32594961882917
"Survey 9",0.3,"chi_H_Poultry",1.11824308759422
"Survey 9",0.3,"chi_H_Rodent",1.31559264946978
"Survey 9",0.3,"chi_H_Weasel",1.31759928136744
"Survey 9",0.3,"phi",1.21104748909963
"Survey 9",0.4,"beta_Cattle",1.26627014084061
"Survey 9",0.4,"beta_Dog",1.31003977305711
"Survey 9",0.4,"beta_Goat/sheep",1.24467099038804
"Survey 9",0.4,"beta_Hare",1.3054082851375
"Survey 9",0.4,"beta_Hedgehog",1.26194933139875
"Survey 9",0.4,"beta_Pig",1.3256044365183
"Survey 9",0.4,"beta_Poultry",1.07247478393004
"Survey 9",0.4,"beta_Rodent",1.31275792095819
"Survey 9",0.4,"beta_Weasel",1.31582019508624
"Survey 9",0.4,"chi_H_Cattle",1.28358027551075
"Survey 9",0.4,"chi_H_Dog",1.31626676282683
"Survey 9",0.4,"chi_H_Goat/sheep",1.27362956130574
"Survey 9",0.4,"chi_H_Hare",1.31064872466496
"Survey 9",0.4,"chi_H_Hedgehog",1.28152009638439
"Survey 9",0.4,"chi_H_Pig",1.32605750107229
"Survey 9",0.4,"chi_H_Poultry",1.14514116151935
"Survey 9",0.4,"chi_H_Rodent",1.31652640361667
"Survey 9",0.4,"chi_H_Weasel",1.31903358049129
"Survey 9",0.4,"phi",1.2251849382089
"Survey 9",0.5,"beta_Cattle",1.27316575934292
"Survey 9",0.5,"beta_Dog",1.31223567134639
"Survey 9",0.5,"beta_Goat/sheep",1.25477188860012
"Survey 9",0.5,"beta_Hare",1.30751218400869
"Survey 9",0.5,"beta_Hedgehog",1.26812836408585
"Survey 9",0.5,"beta_Pig",1.32582635714123
"Survey 9",0.5,"beta_Poultry",1.10145585751063
"Survey 9",0.5,"beta_Rodent",1.31495492522465
"Survey 9",0.5,"beta_Weasel",1.31698429382828
"Survey 9",0.5,"chi_H_Cattle",1.29027156528925
"Survey 9",0.5,"chi_H_Dog",1.31778571025476
"Survey 9",0.5,"chi_H_Goat/sheep",1.28408110050153
"Survey 9",0.5,"chi_H_Hare",1.31318128756285
"Survey 9",0.5,"chi_H_Hedgehog",1.28892576171269
"Survey 9",0.5,"chi_H_Pig",1.32611524600411
"Survey 9",0.5,"chi_H_Poultry",1.17686655331667
"Survey 9",0.5,"chi_H_Rodent",1.31825175854742
"Survey 9",0.5,"chi_H_Weasel",1.32067573273031
"Survey 9",0.5,"phi",1.24297508896562
"Survey 9",0.6,"beta_Cattle",1.28107049264075
"Survey 9",0.6,"beta_Dog",1.31516208197276
"Survey 9",0.6,"beta_Goat/sheep",1.26923431392508
"Survey 9",0.6,"beta_Hare",1.30985268988604
"Survey 9",0.6,"beta_Hedgehog",1.2773247755045
"Survey 9",0.6,"beta_Pig",1.32603711888224
"Survey 9",0.6,"beta_Poultry",1.13492967101699
"Survey 9",0.6,"beta_Rodent",1.31619549355153
"Survey 9",0.6,"beta_Weasel",1.31840022135131
"Survey 9",0.6,"chi_H_Cattle",1.29823033223971
"Survey 9",0.6,"chi_H_Dog",1.319495767338
"Survey 9",0.6,"chi_H_Goat/sheep",1.29230816509142
"Survey 9",0.6,"chi_H_Hare",1.31586900567174
"Survey 9",0.6,"chi_H_Hedgehog",1.29572996727568
"Survey 9",0.6,"chi_H_Pig",1.32618832491984
"Survey 9",0.6,"chi_H_Poultry",1.20769101713449
"Survey 9",0.6,"chi_H_Rodent",1.31963088290862
"Survey 9",0.6,"chi_H_Weasel",1.32165344011644
"Survey 9",0.6,"phi",1.2601915539779
"Survey 9",0.7,"beta_Cattle",1.28962177632026
"Survey 9",0.7,"beta_Dog",1.31760602337128
"Survey 9",0.7,"beta_Goat/sheep",1.28267809399049
"Survey 9",0.7,"beta_Hare",1.31285529677232
"Survey 9",0.7,"beta_Hedgehog",1.28803424612467
"Survey 9",0.7,"beta_Pig",1.32610793784129
"Survey 9",0.7,"beta_Poultry",1.1737397255534
"Survey 9",0.7,"beta_Rodent",1.31812797659684
"Survey 9",0.7,"beta_Weasel",1.32054961367834
"Survey 9",0.7,"chi_H_Cattle",1.30546140560623
"Survey 9",0.7,"chi_H_Dog",1.32191022189215
"Survey 9",0.7,"chi_H_Goat/sheep",1.30021520746675
"Survey 9",0.7,"chi_H_Hare",1.31778641129094
"Survey 9",0.7,"chi_H_Hedgehog",1.30403476295766
"Survey 9",0.7,"chi_H_Pig",1.32626139890457
"Survey 9",0.7,"chi_H_Poultry",1.24009807830063
"Survey 9",0.7,"chi_H_Rodent",1.32147913531842
"Survey 9",0.7,"chi_H_Weasel",1.32230212693341
"Survey 9",0.7,"phi",1.27537394063147
"Survey 9",0.8,"beta_Cattle",1.30198522028672
"Survey 9",0.8,"beta_Dog",1.32059876483701
"Survey 9",0.8,"beta_Goat/sheep",1.2961211023892
"Survey 9",0.8,"beta_Hare",1.31710862211254
"Survey 9",0.8,"beta_Hedgehog",1.29966192315595
"Survey 9",0.8,"beta_Pig",1.32621755510539
"Survey 9",0.8,"beta_Poultry",1.2210694383487
"Survey 9",0.8,"beta_Rodent",1.32062490337625
"Survey 9",0.8,"beta_Weasel",1.32178554865973
"Survey 9",0.8,"chi_H_Cattle",1.31315663462324
"Survey 9",0.8,"chi_H_Dog",1.32379527315091
"Survey 9",0.8,"chi_H_Goat/sheep",1.30949625594548
"Survey 9",0.8,"chi_H_Hare",1.32005129835973
"Survey 9",0.8,"chi_H_Hedgehog",1.3128380722228
"Survey 9",0.8,"chi_H_Pig",1.32633446795939
"Survey 9",0.8,"chi_H_Poultry",1.26853078105104
"Survey 9",0.8,"chi_H_Rodent",1.32264938248619
"Survey 9",0.8,"chi_H_Weasel",1.3236590238633
"Survey 9",0.8,"phi",1.2917859907878
"Survey 9",0.9,"beta_Cattle",1.31391229309847
"Survey 9",0.9,"beta_Dog",1.32394269872083
"Survey 9",0.9,"beta_Goat/sheep",1.31041632810577
"Survey 9",0.9,"beta_Hare",1.32034319843845
"Survey 9",0.9,"beta_Hedgehog",1.31355407023981
"Survey 9",0.9,"beta_Pig",1.32634177459378
"Survey 9",0.9,"beta_Poultry",1.27085355283148
"Survey 9",0.9,"beta_Rodent",1.32276740344743
"Survey 9",0.9,"beta_Weasel",1.32371104205119
"Survey 9",0.9,"chi_H_Cattle",1.32059033195064
"Survey 9",0.9,"chi_H_Dog",1.32535501496995
"Survey 9",0.9,"chi_H_Goat/sheep",1.31773743235264
"Survey 9",0.9,"chi_H_Hare",1.32303613311354
"Survey 9",0.9,"chi_H_Hedgehog",1.3198295302663
"Survey 9",0.9,"chi_H_Pig",1.32640753208542
"Survey 9",0.9,"chi_H_Poultry",1.29667545992392
"Survey 9",0.9,"chi_H_Rodent",1.32498293154087
"Survey 9",0.9,"chi_H_Weasel",1.3253267967012
"Survey 9",0.9,"phi",1.30698181007103
"Survey 9",2,"sigma_H_Cattle",1.29029615754537
"Survey 9",2,"sigma_H_Dog",1.31780572224588
"Survey 9",2,"sigma_H_Goat/sheep",1.28445578143026
"Survey 9",2,"sigma_H_Hare",1.31332642182174
"Survey 9",2,"sigma_H_Hedgehog",1.28917043016132
"Survey 9",2,"sigma_H_Pig",1.32611608719355
"Survey 9",2,"sigma_H_Poultry",1.17700275897318
"Survey 9",2,"sigma_H_Rodent",1.31827352666879
"Survey 9",2,"sigma_H_Weasel",1.3206765837298
"Survey 9",3,"sigma_H_Cattle",1.27917019861083
"Survey 9",3,"sigma_H_Dog",1.31469109907701
"Survey 9",3,"sigma_H_Goat/sheep",1.26593915767535
"Survey 9",3,"sigma_H_Hare",1.30932736322989
"Survey 9",3,"sigma_H_Hedgehog",1.27599278356187
"Survey 9",3,"sigma_H_Pig",1.32602394418485
"Survey 9",3,"sigma_H_Poultry",1.12884221443833
"Survey 9",3,"sigma_H_Rodent",1.31596105512985
"Survey 9",3,"sigma_H_Weasel",1.31810966426681
"Survey 9",4,"sigma_H_Cattle",1.27320256439396
"Survey 9",4,"sigma_H_Dog",1.31224214602286
"Survey 9",4,"sigma_H_Goat/sheep",1.25481534400213
"Survey 9",4,"sigma_H_Hare",1.30752078324694
"Survey 9",4,"sigma_H_Hedgehog",1.26826658958346
"Survey 9",4,"sigma_H_Pig",1.3258320328618
"Survey 9",4,"sigma_H_Poultry",1.10177253947983
"Survey 9",4,"sigma_H_Rodent",1.31499188299297
"Survey 9",4,"sigma_H_Weasel",1.31698740649835
"Survey 9",5,"sigma_H_Cattle",1.26882759536696
"Survey 9",5,"sigma_H_Dog",1.31098628320793
"Survey 9",5,"sigma_H_Goat/sheep",1.24881934458369
"Survey 9",5,"sigma_H_Hare",1.3062921699326
"Survey 9",5,"sigma_H_Hedgehog",1.26468947445846
"Survey 9",5,"sigma_H_Pig",1.32570792315513
"Survey 9",5,"sigma_H_Poultry",1.08546006882358
"Survey 9",5,"sigma_H_Rodent",1.31379709120849
"Survey 9",5,"sigma_H_Weasel",1.31611941409201
"Survey 9",6,"sigma_H_Cattle",1.26695818235942
"Survey 9",6,"sigma_H_Dog",1.31021473958544
"Survey 9",6,"sigma_H_Goat/sheep",1.24528298571487
"Survey 9",6,"sigma_H_Hare",1.30552634982316
"Survey 9",6,"sigma_H_Hedgehog",1.26260863725694
"Survey 9",6,"sigma_H_Pig",1.3256250874339
"Survey 9",6,"sigma_H_Poultry",1.07508282215997
"Survey 9",6,"sigma_H_Rodent",1.31293941706004
"Survey 9",6,"sigma_H_Weasel",1.31584404921078
"Survey 9",7,"sigma_H_Cattle",1.26554636878017
"Survey 9",7,"sigma_H_Dog",1.30984473434521
"Survey 9",7,"sigma_H_Goat/sheep",1.24245889840113
"Survey 9",7,"sigma_H_Hare",1.3050635673046
"Survey 9",7,"sigma_H_Hedgehog",1.2609202839278
"Survey 9",7,"sigma_H_Pig",1.32556587200452
"Survey 9",7,"sigma_H_Poultry",1.0669187313173
"Survey 9",7,"sigma_H_Rodent",1.31244867215438
"Survey 9",7,"sigma_H_Weasel",1.3157605579095
"Survey 9",8,"sigma_H_Cattle",1.26406304922298
"Survey 9",8,"sigma_H_Dog",1.30948879227678
"Survey 9",8,"sigma_H_Goat/sheep",1.24090363581982
"Survey 9",8,"sigma_H_Hare",1.3044037460044
"Survey 9",8,"sigma_H_Hedgehog",1.25962699363441
"Survey 9",8,"sigma_H_Pig",1.32552143466844
"Survey 9",8,"sigma_H_Poultry",1.06161779856725
"Survey 9",8,"sigma_H_Rodent",1.31213810043796
"Survey 9",8,"sigma_H_Weasel",1.31569793160253
"Survey 9",9,"sigma_H_Cattle",1.26294286123675
"Survey 9",9,"sigma_H_Dog",1.30918709209497
"Survey 9",9,"sigma_H_Goat/sheep",1.23956794154885
"Survey 9",9,"sigma_H_Hare",1.30395873352732
"Survey 9",9,"sigma_H_Hedgehog",1.25878040725018
"Survey 9",9,"sigma_H_Pig",1.32548685701529
"Survey 9",9,"sigma_H_Poultry",1.05730034577263
"Survey 9",9,"sigma_H_Rodent",1.31197351700321
"Survey 9",9,"sigma_H_Weasel",1.31564921761079
"Survey 9",10,"sigma_H_Cattle",1.2622641698088
"Survey 9",10,"sigma_H_Dog",1.30869941795926
"Survey 9",10,"sigma_H_Goat/sheep",1.23891816198573
"Survey 9",10,"sigma_H_Hare",1.30378402994195
"Survey 9",10,"sigma_H_Hedgehog",1.25797265145082
"Survey 9",10,"sigma_H_Pig",1.32545918525963
"Survey 9",10,"sigma_H_Poultry",1.0533932363141
"Survey 9",10,"sigma_H_Rodent",1.31184998482402
"Survey 9",10,"sigma_H_Weasel",1.31561024349242
"Survey 1",1,"phi",1.174470239284
"Survey 1",1,"chi_H_Goat/sheep",1.174470239284
"Survey 1",1,"chi_H_Cattle",1.174470239284
"Survey 1",1,"chi_H_Poultry",1.174470239284
"Survey 1",1,"chi_H_Dog",1.174470239284
"Survey 1",1,"chi_H_Pig",1.174470239284
"Survey 1",1,"chi_H_Rodent",1.174470239284
"Survey 1",1,"beta_Goat/sheep",1.174470239284
"Survey 1",1,"beta_Cattle",1.174470239284
"Survey 1",1,"beta_Poultry",1.174470239284
"Survey 1",1,"beta_Dog",1.174470239284
"Survey 1",1,"beta_Pig",1.174470239284
"Survey 1",1,"beta_Rodent",1.174470239284
"Survey 1",1,"sigma_H_Goat/sheep",1.174470239284
"Survey 1",1,"sigma_H_Cattle",1.174470239284
"Survey 1",1,"sigma_H_Poultry",1.174470239284
"Survey 1",1,"sigma_H_Dog",1.174470239284
"Survey 1",1,"sigma_H_Pig",1.174470239284
"Survey 1",1,"sigma_H_Rodent",1.174470239284
"Survey 2",1,"phi",1.45510982663545
"Survey 2",1,"chi_H_Goat/sheep",1.45510982663545
"Survey 2",1,"chi_H_Cattle",1.45510982663545
"Survey 2",1,"chi_H_Poultry",1.45510982663545
"Survey 2",1,"chi_H_Dog",1.45510982663545
"Survey 2",1,"chi_H_Pig",1.45510982663545
"Survey 2",1,"beta_Goat/sheep",1.45510982663545
"Survey 2",1,"beta_Cattle",1.45510982663545
"Survey 2",1,"beta_Poultry",1.45510982663545
"Survey 2",1,"beta_Dog",1.45510982663545
"Survey 2",1,"beta_Pig",1.45510982663545
"Survey 2",1,"sigma_H_Goat/sheep",1.45510982663545
"Survey 2",1,"sigma_H_Cattle",1.45510982663545
"Survey 2",1,"sigma_H_Poultry",1.45510982663545
"Survey 2",1,"sigma_H_Dog",1.45510982663545
"Survey 2",1,"sigma_H_Pig",1.45510982663545
"Survey 3",1,"phi",1.24883393465098
"Survey 3",1,"chi_H_Goat/sheep",1.24883393465098
"Survey 3",1,"chi_H_Cattle",1.24883393465098
"Survey 3",1,"chi_H_Poultry",1.24883393465098
"Survey 3",1,"chi_H_Dog",1.24883393465098
"Survey 3",1,"chi_H_Pig",1.24883393465098
"Survey 3",1,"beta_Goat/sheep",1.24883393465098
"Survey 3",1,"beta_Cattle",1.24883393465098
"Survey 3",1,"beta_Poultry",1.24883393465098
"Survey 3",1,"beta_Dog",1.24883393465098
"Survey 3",1,"beta_Pig",1.24883393465098
"Survey 3",1,"sigma_H_Goat/sheep",1.24883393465098
"Survey 3",1,"sigma_H_Cattle",1.24883393465098
"Survey 3",1,"sigma_H_Poultry",1.24883393465098
"Survey 3",1,"sigma_H_Dog",1.24883393465098
"Survey 3",1,"sigma_H_Pig",1.24883393465098
"Survey 4",1,"phi",1.39625673330075
"Survey 4",1,"chi_H_Goat/sheep",1.39625673330075
"Survey 4",1,"chi_H_Cattle",1.39625673330075
"Survey 4",1,"chi_H_Poultry",1.39625673330075
"Survey 4",1,"chi_H_Dog",1.39625673330075
"Survey 4",1,"chi_H_Pig",1.39625673330075
"Survey 4",1,"beta_Goat/sheep",1.39625673330075
"Survey 4",1,"beta_Cattle",1.39625673330075
"Survey 4",1,"beta_Poultry",1.39625673330075
"Survey 4",1,"beta_Dog",1.39625673330075
"Survey 4",1,"beta_Pig",1.39625673330075
"Survey 4",1,"sigma_H_Goat/sheep",1.39625673330075
"Survey 4",1,"sigma_H_Cattle",1.39625673330075
"Survey 4",1,"sigma_H_Poultry",1.39625673330075
"Survey 4",1,"sigma_H_Dog",1.39625673330075
"Survey 4",1,"sigma_H_Pig",1.39625673330075
"Survey 5",1,"phi",1.02280810000062
"Survey 5",1,"chi_H_Goat/sheep",1.02280810000062
"Survey 5",1,"chi_H_Poultry",1.02280810000062
"Survey 5",1,"chi_H_Dog",1.02280810000062
"Survey 5",1,"chi_H_Pig",1.02280810000062
"Survey 5",1,"chi_H_Rodent",1.02280810000062
"Survey 5",1,"chi_H_Hedgehog",1.02280810000062
"Survey 5",1,"beta_Goat/sheep",1.02280810000062
"Survey 5",1,"beta_Poultry",1.02280810000062
"Survey 5",1,"beta_Dog",1.02280810000062
"Survey 5",1,"beta_Pig",1.02280810000062
"Survey 5",1,"beta_Rodent",1.02280810000062
"Survey 5",1,"beta_Hedgehog",1.02280810000062
"Survey 5",1,"sigma_H_Goat/sheep",1.02280810000062
"Survey 5",1,"sigma_H_Poultry",1.02280810000062
"Survey 5",1,"sigma_H_Dog",1.02280810000062
"Survey 5",1,"sigma_H_Pig",1.02280810000062
"Survey 5",1,"sigma_H_Rodent",1.02280810000062
"Survey 5",1,"sigma_H_Hedgehog",1.02280810000062
"Survey 6",1,"phi",2.44984003544646
"Survey 6",1,"chi_H_Goat/sheep",2.44984003544646
"Survey 6",1,"chi_H_Cattle",2.44984003544646
"Survey 6",1,"chi_H_Dog",2.44984003544646
"Survey 6",1,"chi_H_Pig",2.44984003544646
"Survey 6",1,"chi_H_Rodent",2.44984003544646
"Survey 6",1,"beta_Goat/sheep",2.44984003544646
"Survey 6",1,"beta_Cattle",2.44984003544646
"Survey 6",1,"beta_Dog",2.44984003544646
"Survey 6",1,"beta_Pig",2.44984003544646
"Survey 6",1,"beta_Rodent",2.44984003544646
"Survey 6",1,"sigma_H_Goat/sheep",2.44984003544646
"Survey 6",1,"sigma_H_Cattle",2.44984003544646
"Survey 6",1,"sigma_H_Dog",2.44984003544646
"Survey 6",1,"sigma_H_Pig",2.44984003544646
"Survey 6",1,"sigma_H_Rodent",2.44984003544646
"Survey 7",1,"phi",1.28397249327623
"Survey 7",1,"chi_H_Goat/sheep",1.28397249327623
"Survey 7",1,"chi_H_Cattle",1.28397249327623
"Survey 7",1,"chi_H_Poultry",1.28397249327623
"Survey 7",1,"chi_H_Dog",1.28397249327623
"Survey 7",1,"chi_H_Pig",1.28397249327623
"Survey 7",1,"chi_H_Rodent",1.28397249327623
"Survey 7",1,"chi_H_Hedgehog",1.28397249327623
"Survey 7",1,"beta_Goat/sheep",1.28397249327623
"Survey 7",1,"beta_Cattle",1.28397249327623
"Survey 7",1,"beta_Poultry",1.28397249327623
"Survey 7",1,"beta_Dog",1.28397249327623
"Survey 7",1,"beta_Pig",1.28397249327623
"Survey 7",1,"beta_Rodent",1.28397249327623
"Survey 7",1,"beta_Hedgehog",1.28397249327623
"Survey 7",1,"sigma_H_Goat/sheep",1.28397249327623
"Survey 7",1,"sigma_H_Cattle",1.28397249327623
"Survey 7",1,"sigma_H_Poultry",1.28397249327623
"Survey 7",1,"sigma_H_Dog",1.28397249327623
"Survey 7",1,"sigma_H_Pig",1.28397249327623
"Survey 7",1,"sigma_H_Rodent",1.28397249327623
"Survey 7",1,"sigma_H_Hedgehog",1.28397249327623
"Survey 8",1,"phi",1.02317826021805
"Survey 8",1,"chi_H_Goat/sheep",1.02317826021805
"Survey 8",1,"chi_H_Poultry",1.02317826021805
"Survey 8",1,"chi_H_Dog",1.02317826021805
"Survey 8",1,"chi_H_Pig",1.02317826021805
"Survey 8",1,"beta_Goat/sheep",1.02317826021805
"Survey 8",1,"beta_Poultry",1.02317826021805
"Survey 8",1,"beta_Dog",1.02317826021805
"Survey 8",1,"beta_Pig",1.02317826021805
"Survey 8",1,"sigma_H_Goat/sheep",1.02317826021805
"Survey 8",1,"sigma_H_Poultry",1.02317826021805
"Survey 8",1,"sigma_H_Dog",1.02317826021805
"Survey 8",1,"sigma_H_Pig",1.02317826021805
"Survey 9",1,"phi",1.32648059128374
"Survey 9",1,"chi_H_Goat/sheep",1.32648059128374
"Survey 9",1,"chi_H_Cattle",1.32648059128374
"Survey 9",1,"chi_H_Poultry",1.32648059128374
"Survey 9",1,"chi_H_Dog",1.32648059128374
"Survey 9",1,"chi_H_Pig",1.32648059128374
"Survey 9",1,"chi_H_Rodent",1.32648059128374
"Survey 9",1,"chi_H_Hedgehog",1.32648059128374
"Survey 9",1,"chi_H_Weasel",1.32648059128374
"Survey 9",1,"chi_H_Hare",1.32648059128374
"Survey 9",1,"beta_Goat/sheep",1.32648059128374
"Survey 9",1,"beta_Cattle",1.32648059128374
"Survey 9",1,"beta_Poultry",1.32648059128374
"Survey 9",1,"beta_Dog",1.32648059128374
"Survey 9",1,"beta_Pig",1.32648059128374
"Survey 9",1,"beta_Rodent",1.32648059128374
"Survey 9",1,"beta_Hedgehog",1.32648059128374
"Survey 9",1,"beta_Weasel",1.32648059128374
"Survey 9",1,"beta_Hare",1.32648059128374
"Survey 9",1,"sigma_H_Goat/sheep",1.32648059128374
"Survey 9",1,"sigma_H_Cattle",1.32648059128374
"Survey 9",1,"sigma_H_Poultry",1.32648059128374
"Survey 9",1,"sigma_H_Dog",1.32648059128374
"Survey 9",1,"sigma_H_Pig",1.32648059128374
"Survey 9",1,"sigma_H_Rodent",1.32648059128374
"Survey 9",1,"sigma_H_Hedgehog",1.32648059128374
"Survey 9",1,"sigma_H_Weasel",1.32648059128374
"Survey 9",1,"sigma_H_Hare",1.32648059128374
"Survey 1",1,"muT",1.174470239284
"Survey 1",2,"muT",0.77385794432592
"Survey 1",3,"muT",0.612079855573683
"Survey 1",4,"muT",0.519996712760557
"Survey 1",5,"muT",0.459516783739293
"Survey 1",6,"muT",0.415876052299732
"Survey 1",7,"muT",0.381868693561063
"Survey 1",8,"muT",0.354950136745341
"Survey 1",9,"muT",0.333004264785329
"Survey 1",10,"muT",0.314508941864758
"Survey 2",1,"muT",1.45510982663545
"Survey 2",2,"muT",0.999536177100351
"Survey 2",3,"muT",0.805428581988476
"Survey 2",4,"muT",0.692292770405901
"Survey 2",5,"muT",0.615708352079558
"Survey 2",6,"muT",0.55930560595105
"Survey 2",7,"muT",0.516226956809035
"Survey 2",8,"muT",0.48187980556846
"Survey 2",9,"muT",0.453277639726603
"Survey 2",10,"muT",0.429159124308062
"Survey 3",1,"muT",1.24883393465098
"Survey 3",2,"muT",0.852503352773951
"Survey 3",3,"muT",0.684013940178165
"Survey 3",4,"muT",0.586411828370253
"Survey 3",5,"muT",0.521565444932882
"Survey 3",6,"muT",0.473928811177261
"Survey 3",7,"muT",0.437059997707435
"Survey 3",8,"muT",0.407542500220918
"Survey 3",9,"muT",0.383186423576917
"Survey 3",10,"muT",0.362853598734603
"Survey 4",1,"muT",1.39625673330075
"Survey 4",2,"muT",0.958037415416095
"Survey 4",3,"muT",0.772621404515258
"Survey 4",4,"muT",0.663578221021203
"Survey 4",5,"muT",0.589617130354965
"Survey 4",6,"muT",0.536074956304398
"Survey 4",7,"muT",0.494317456758851
"Survey 4",8,"muT",0.460665528388598
"Survey 4",9,"muT",0.432808805222249
"Survey 4",10,"muT",0.409371503258148
"Survey 5",1,"muT",1.02280810000062
"Survey 5",2,"muT",0.698778217500487
"Survey 5",3,"muT",0.561183031938412
"Survey 5",4,"muT",0.481387302365435
"Survey 5",5,"muT",0.427617738840731
"Survey 5",6,"muT",0.388554637741664
"Survey 5",7,"muT",0.358130942968715
"Survey 5",8,"muT",0.333869586519349
"Survey 5",9,"muT",0.313981444084703
"Survey 5",10,"muT",0.297248578377105
"Survey 6",1,"muT",2.44984003544647
"Survey 6",2,"muT",1.6536146194093
"Survey 6",3,"muT",1.32291715881192
"Survey 6",4,"muT",1.13254509449822
"Survey 6",5,"muT",1.00546337675233
"Survey 6",6,"muT",0.912824414823557
"Survey 6",7,"muT",0.84112016336849
"Survey 6",8,"muT",0.783677652756001
"Survey 6",9,"muT",0.736336558077388
"Survey 6",10,"muT",0.696377152162622
"Survey 7",1,"muT",1.28397249327623
"Survey 7",2,"muT",0.834434374421533
"Survey 7",3,"muT",0.656491909791942
"Survey 7",4,"muT",0.55574324775606
"Survey 7",5,"muT",0.489850031767321
"Survey 7",6,"muT",0.442086523840879
"Survey 7",7,"muT",0.405247173070834
"Survey 7",8,"muT",0.376377471519727
"Survey 7",9,"muT",0.352967947776502
"Survey 7",10,"muT",0.333269022919585
"Survey 8",1,"muT",1.02317826021805
"Survey 8",2,"muT",0.689588053290472
"Survey 8",3,"muT",0.550768421483737
"Survey 8",4,"muT",0.470631762392486
"Survey 8",5,"muT",0.417200583335987
"Survey 8",6,"muT",0.378437743706405
"Survey 8",7,"muT",0.348396952766342
"Survey 8",8,"muT",0.324556327652533
"Survey 8",9,"muT",0.304852995166374
"Survey 8",10,"muT",0.288245692088441
"Survey 9",1,"muT",1.32648059128374
"Survey 9",2,"muT",0.902610513651707
"Survey 9",3,"muT",0.725382852142444
"Survey 9",4,"muT",0.621487544482811
"Survey 9",5,"muT",0.55107624039462
"Survey 9",6,"muT",0.500574497663542
"Survey 9",7,"muT",0.462101185844441
"Survey 9",8,"muT",0.431176251965386
"Survey 9",9,"muT",0.405469453656918
"Survey 9",10,"muT",0.383763465650754
